admission_id,patient_id,admission_date,department,diagnosis,age,gender,insurance_type,admission_type,length_of_stay_days,billing_amount,discharge_status,is_readmission_30d,patient_satisfaction
ADM306377,PT24506,2024-01-01,"General Medicine","Diabetes Mellitus",69,Male,"Corporate Insurance",Referral,5,35516.43,Recovered,False,5
ADM304754,PT23379,2024-01-01,"General Medicine","Viral Fever",58,Female,Self-Pay,Emergency,5,37382.32,Recovered,False,4
ADM311557,PT28133,2024-01-01,Gynecology,C-Section,34,Male,Self-Pay,Elective,5,41269.39,Recovered,False,2
ADM309559,PT26701,2024-01-01,Cardiology,Hypertension,72,Male,Self-Pay,Referral,2,64657.99,Recovered,False,3
ADM300616,PT20457,2024-01-01,Emergency,"Acute Abdomen",60,Female,"Corporate Insurance",Elective,4,27881.82,Recovered,False,5
ADM304119,PT22911,2024-01-01,Pediatrics,Malnutrition,0,Female,"Corporate Insurance",Referral,7,52114.17,Recovered,False,5
ADM303210,PT22208,2024-01-01,Neurology,"Parkinson's Disease",8,Male,"Government Scheme",Emergency,6,121447.88,Recovered,False,4
ADM305558,PT23860,2024-01-01,Gynecology,"Normal Delivery",19,Female,"Government Scheme",Elective,3,60684.78,Recovered,False,3
ADM303425,PT22236,2024-01-01,"General Medicine",Gastroenteritis,34,Male,"Private Insurance",Elective,5,30899.34,Recovered,False,4
ADM300055,PT20027,2024-01-01,Emergency,"Acute Abdomen",80,Male,"Government Scheme",Elective,3,41387.98,"Left Against Medical Advice",False,5
ADM300652,PT20483,2024-01-01,Cardiology,Arrhythmia,32,Female,"Corporate Insurance",Elective,7,111231.96,Recovered,False,5
ADM311760,PT28272,2024-01-01,Oncology,"Colon Cancer",7,Male,"Corporate Insurance",Emergency,6,178653.56,Recovered,False,5
ADM310671,PT27504,2024-01-01,Orthopedics,"Sports Injury",74,Male,"Private Insurance",Elective,3,86168.04,Recovered,False,4
ADM305446,PT23676,2024-01-01,Oncology,Leukemia,67,Male,Self-Pay,Elective,7,239321.14,Recovered,False,4
ADM301674,PT21200,2024-01-01,Orthopedics,"Joint Replacement",88,Male,"Government Scheme",Emergency,7,172421.21,Recovered,False,5
ADM309973,PT26997,2024-01-01,Orthopedics,Fracture,95,Female,Self-Pay,Emergency,9,112974.21,"Left Against Medical Advice",False,2
ADM308885,PT26134,2024-01-01,Oncology,"Breast Cancer",70,Male,"Private Insurance",Emergency,4,135237.1,"Left Against Medical Advice",False,5
ADM306605,PT24673,2024-01-01,Cardiology,"Coronary Artery Disease",39,Male,"Private Insurance",Elective,5,79583.55,Recovered,False,5
ADM310860,PT27378,2024-01-01,Cardiology,"Heart Failure",38,Male,"Government Scheme",Elective,7,134667.37,Transferred,False,4
ADM305290,PT23519,2024-01-01,Cardiology,Arrhythmia,47,Female,"Private Insurance",Elective,4,97294.63,Recovered,False,5
ADM308025,PT25435,2024-01-02,Pulmonology,Asthma,30,Male,"Private Insurance",Elective,3,36807.97,Recovered,False,5
ADM303246,PT22291,2024-01-02,Cardiology,Hypertension,57,Male,"Government Scheme",Emergency,9,150476.24,Recovered,False,5
ADM300805,PT20599,2024-01-02,Cardiology,Arrhythmia,61,Female,"Government Scheme",Elective,5,128197.81,Recovered,False,2
ADM307954,PT25448,2024-01-02,Pulmonology,Pneumonia,36,Male,"Corporate Insurance",Referral,6,43715.71,Recovered,False,5
ADM303846,PT22715,2024-01-02,Pediatrics,Asthma,8,Male,"Private Insurance",Referral,7,36957.43,Recovered,False,4
ADM303790,PT22595,2024-01-02,Emergency,"Accident Injury",63,Male,"Corporate Insurance",Emergency,1,35118.6,Recovered,False,2
ADM306049,PT24215,2024-01-02,Pulmonology,Tuberculosis,65,Male,"Government Scheme",Elective,2,67556.26,Recovered,False,4
ADM308244,PT25800,2024-01-02,Emergency,Trauma,32,Male,Self-Pay,Elective,2,47782.02,Recovered,False,1
ADM311385,PT28007,2024-01-02,Cardiology,Hypertension,44,Male,"Government Scheme",Referral,2,72044.85,Recovered,False,4
ADM310702,PT27526,2024-01-02,Cardiology,Arrhythmia,20,Male,"Government Scheme",Elective,6,83872.84,Recovered,False,3
ADM304621,PT23173,2024-01-02,Emergency,Poisoning,72,Female,"Corporate Insurance",Elective,1,27033.83,Recovered,False,5
ADM305640,PT23986,2024-01-02,"General Medicine",Hypertension,44,Female,Self-Pay,Elective,5,43810.49,Transferred,False,5
ADM307610,PT25357,2024-01-02,Neurology,"Parkinson's Disease",85,Female,"Private Insurance",Emergency,9,110050.06,Recovered,False,3
ADM310249,PT27202,2024-01-02,Orthopedics,Fracture,52,Female,Self-Pay,Emergency,10,197349.96,Recovered,False,2
ADM306538,PT24624,2024-01-02,Gynecology,C-Section,35,Female,"Government Scheme",Elective,1,34241.56,Recovered,False,4
ADM304945,PT23508,2024-01-02,Neurology,Migraine,0,Male,"Government Scheme",Referral,4,66962.05,Recovered,False,5
ADM302340,PT21662,2024-01-02,Orthopedics,"Sports Injury",7,Female,"Private Insurance",Elective,10,150017.8,Recovered,False,3
ADM303995,PT22815,2024-01-02,Emergency,Trauma,55,Male,"Private Insurance",Emergency,2,27821.65,Recovered,False,4
ADM305339,PT23783,2024-01-02,Nephrology,"Chronic Kidney Disease",44,Female,"Government Scheme",Emergency,3,104134.91,Recovered,False,5
ADM302564,PT21810,2024-01-02,Pediatrics,"Respiratory Infection",5,Female,"Government Scheme",Elective,1,21670.23,Recovered,False,4
ADM308795,PT26179,2024-01-02,Cardiology,"Coronary Artery Disease",95,Male,"Private Insurance",Emergency,2,84697.1,Recovered,False,5
ADM304332,PT23070,2024-01-02,Orthopedics,"Joint Replacement",36,Male,"Private Insurance",Emergency,7,182313.45,Recovered,False,5
ADM310534,PT27136,2024-01-02,Pediatrics,"Viral Fever",10,Female,"Government Scheme",Elective,2,22507.21,Recovered,False,2
ADM303327,PT22236,2024-01-03,Oncology,"Lung Cancer",18,Male,"Private Insurance",Referral,6,255653.56,"Left Against Medical Advice",False,3
ADM306418,PT24536,2024-01-03,Nephrology,"Kidney Stones",47,Male,"Private Insurance",Emergency,7,87995.19,Recovered,False,4
ADM300832,PT20618,2024-01-03,Orthopedics,"Joint Replacement",33,Female,"Private Insurance",Emergency,7,123705.81,Recovered,False,2
ADM302422,PT21716,2024-01-03,Orthopedics,"Spinal Disorder",77,Female,"Government Scheme",Elective,5,152845.64,Recovered,False,4
ADM304776,PT23395,2024-01-03,Gynecology,"Normal Delivery",15,Male,"Government Scheme",Elective,3,60087.74,Recovered,False,4
ADM305391,PT23759,2024-01-03,Neurology,Migraine,20,Male,Self-Pay,Referral,4,100416.32,Recovered,False,3
ADM302432,PT21724,2024-01-03,Pulmonology,COPD,50,Male,"Government Scheme",Referral,2,35572.71,Transferred,False,4
ADM300373,PT20287,2024-01-03,Emergency,"Accident Injury",18,Male,"Private Insurance",Elective,3,37006.65,Recovered,False,4
ADM300987,PT20450,2024-01-03,Neurology,"Parkinson's Disease",29,Female,"Government Scheme",Emergency,1,116432.33,Recovered,False,4
ADM311282,PT27935,2024-01-03,Neurology,Migraine,50,Female,"Private Insurance",Emergency,7,78078.32,Recovered,False,5
ADM305609,PT23915,2024-01-03,Neurology,Stroke,59,Female,"Government Scheme",Referral,3,77936.13,Recovered,False,5
ADM302878,PT21852,2024-01-03,"General Medicine",Gastroenteritis,77,Male,Self-Pay,Emergency,4,35527.18,Recovered,False,5
ADM308372,PT25894,2024-01-03,Orthopedics,"Joint Replacement",3,Male,Self-Pay,Elective,5,103357.34,Recovered,False,5
ADM302249,PT21596,2024-01-03,Oncology,"Breast Cancer",54,Male,"Government Scheme",Referral,12,186261.91,Recovered,False,5
ADM308869,PT26094,2024-01-04,Pulmonology,Tuberculosis,27,Female,"Corporate Insurance",Elective,3,39174.8,Recovered,False,4
ADM302716,PT21921,2024-01-04,Neurology,Epilepsy,29,Male,"Government Scheme",Emergency,8,147011.54,Recovered,False,1
ADM308989,PT26320,2024-01-04,Orthopedics,"Spinal Disorder",51,Male,"Government Scheme",Emergency,11,190452.94,Recovered,False,5
ADM309056,PT26123,2024-01-04,Orthopedics,"Sports Injury",28,Female,"Government Scheme",Emergency,5,115703.89,Recovered,False,2
ADM309579,PT26715,2024-01-04,Neurology,Migraine,48,Male,"Government Scheme",Emergency,5,88226.83,Recovered,False,3
ADM310527,PT27402,2024-01-04,Neurology,Migraine,65,Male,"Corporate Insurance",Emergency,9,132355.49,Recovered,False,4
ADM308094,PT25686,2024-01-04,Pulmonology,COPD,54,Male,Self-Pay,Emergency,9,59855.5,Transferred,False,5
ADM307844,PT25317,2024-01-04,Neurology,Stroke,58,Female,"Private Insurance",Elective,5,120425.19,Recovered,False,4
ADM305695,PT23878,2024-01-04,Emergency,Trauma,61,Female,"Government Scheme",Referral,3,30962.6,Recovered,False,4
ADM311319,PT27962,2024-01-04,Cardiology,"Coronary Artery Disease",55,Female,"Government Scheme",Referral,8,146574.58,Recovered,False,5
ADM300558,PT20417,2024-01-04,Emergency,"Acute Abdomen",75,Female,"Corporate Insurance",Elective,3,30212.79,Recovered,False,4
ADM301120,PT20815,2024-01-04,Cardiology,"Coronary Artery Disease",51,Female,"Government Scheme",Emergency,7,81906.66,Recovered,False,3
ADM304692,PT23341,2024-01-04,Oncology,"Breast Cancer",39,Male,"Private Insurance",Elective,9,249314.11,Recovered,False,3
ADM302985,PT22109,2024-01-04,Pulmonology,Tuberculosis,41,Male,"Private Insurance",Referral,14,85233.87,Recovered,False,3
ADM300302,PT20237,2024-01-04,"General Medicine","Diabetes Mellitus",71,Male,"Corporate Insurance",Referral,1,34172.69,Recovered,False,4
ADM303561,PT22512,2024-01-04,"General Medicine",Gastroenteritis,46,Male,"Government Scheme",Elective,3,49770.51,Recovered,False,3
ADM302141,PT21520,2024-01-04,Neurology,Stroke,70,Female,Self-Pay,Referral,8,135695.59,Transferred,False,4
ADM304413,PT23136,2024-01-04,Pediatrics,Malnutrition,4,Male,Self-Pay,Emergency,1,42447.13,Recovered,False,3
ADM309285,PT26276,2024-01-04,Emergency,Poisoning,39,Male,"Private Insurance",Elective,1,24518.9,Recovered,False,3
ADM308173,PT25571,2024-01-04,Cardiology,"Heart Failure",64,Female,"Corporate Insurance",Elective,5,145074.21,Recovered,False,5
ADM306008,PT24048,2024-01-04,Orthopedics,"Sports Injury",46,Male,"Private Insurance",Emergency,6,93679.22,Recovered,False,5
ADM309795,PT26869,2024-01-04,Neurology,Epilepsy,46,Female,"Private Insurance",Emergency,7,147136.61,Recovered,False,2
ADM310456,PT27237,2024-01-04,Oncology,"Colon Cancer",86,Female,"Government Scheme",Referral,10,155555.11,Transferred,False,3
ADM303821,PT22697,2024-01-04,Emergency,Poisoning,28,Male,"Private Insurance",Emergency,1,31388.5,Recovered,False,5
ADM306347,PT24486,2024-01-05,Pediatrics,Malnutrition,8,Male,"Corporate Insurance",Referral,3,35523.3,Recovered,False,1
ADM309290,PT26353,2024-01-05,Nephrology,Dialysis,40,Female,"Private Insurance",Emergency,4,60410.36,Recovered,False,5
ADM304528,PT23222,2024-01-05,Emergency,Poisoning,40,Female,"Government Scheme",Emergency,2,41108.38,Recovered,False,3
ADM301192,PT20678,2024-01-05,Emergency,"Accident Injury",55,Male,"Private Insurance",Elective,2,31859.94,Recovered,False,5
ADM305010,PT23550,2024-01-05,Pulmonology,Pneumonia,11,Male,Self-Pay,Emergency,5,56890.66,Recovered,False,5
ADM301105,PT20802,2024-01-05,Emergency,"Acute Abdomen",55,Male,Self-Pay,Elective,2,31582.86,Recovered,False,4
ADM311778,PT28287,2024-01-05,Pediatrics,Malnutrition,10,Male,Self-Pay,Emergency,7,27012.93,Recovered,False,4
ADM311368,PT27995,2024-01-05,Emergency,"Acute Abdomen",7,Male,Self-Pay,Referral,4,51603.18,Recovered,False,4
ADM301331,PT20732,2024-01-05,Emergency,Poisoning,77,Male,"Private Insurance",Referral,2,39916.02,Recovered,False,5
ADM306648,PT24656,2024-01-05,"General Medicine","Viral Fever",37,Female,"Corporate Insurance",Elective,5,56100,Recovered,False,5
ADM306417,PT24244,2024-01-05,Emergency,Poisoning,52,Male,"Corporate Insurance",Emergency,3,50109.89,Recovered,False,5
ADM301489,PT21063,2024-01-05,"General Medicine",Gastroenteritis,51,Male,"Private Insurance",Referral,4,36263.47,Recovered,False,5
ADM308947,PT26285,2024-01-05,Oncology,"Breast Cancer",62,Female,"Private Insurance",Referral,11,238910.44,Recovered,False,5
ADM301348,PT20965,2024-01-05,Cardiology,Arrhythmia,29,Male,"Private Insurance",Referral,5,124217.4,Recovered,False,3
ADM400484,PT23173,2024-01-05,Emergency,Poisoning,72,Female,"Corporate Insurance",Emergency,1,19721.88,Transferred,True,3
ADM307289,PT25134,2024-01-05,Oncology,"Breast Cancer",34,Male,"Private Insurance",Elective,10,189273.87,Recovered,False,5
ADM307031,PT24962,2024-01-05,Pediatrics,"Respiratory Infection",0,Male,"Corporate Insurance",Elective,1,34177.82,Recovered,False,4
ADM310022,PT27039,2024-01-05,Neurology,Epilepsy,38,Female,"Corporate Insurance",Emergency,3,115133.62,Recovered,False,4
ADM303738,PT22634,2024-01-05,Gynecology,C-Section,27,Male,"Corporate Insurance",Emergency,5,72524.52,Recovered,False,4
ADM300108,PT20090,2024-01-05,Neurology,Epilepsy,56,Male,"Government Scheme",Emergency,4,67095.79,Transferred,False,4
ADM305005,PT23547,2024-01-06,Emergency,Trauma,48,Male,"Government Scheme",Emergency,4,41083.11,Recovered,False,3
ADM308354,PT25723,2024-01-06,Emergency,"Accident Injury",79,Female,Self-Pay,Elective,3,45644.35,Recovered,False,3
ADM301801,PT21290,2024-01-06,Oncology,Leukemia,66,Male,Self-Pay,Elective,7,235207.36,Recovered,False,2
ADM301430,PT21020,2024-01-06,"General Medicine",Hypertension,48,Male,"Government Scheme",Emergency,1,47993.91,Recovered,False,3
ADM300336,PT20259,2024-01-06,Cardiology,Arrhythmia,66,Female,"Corporate Insurance",Elective,10,112723.99,Recovered,False,2
ADM308932,PT26272,2024-01-06,"General Medicine","Viral Fever",43,Male,"Government Scheme",Emergency,1,29529.94,Recovered,False,4
ADM310012,PT27031,2024-01-06,Neurology,Epilepsy,50,Male,"Corporate Insurance",Elective,7,138715.52,Recovered,False,4
ADM303617,PT22471,2024-01-06,Orthopedics,"Joint Replacement",63,Female,"Private Insurance",Referral,4,148118.39,Recovered,False,4
ADM311783,PT28014,2024-01-06,Emergency,"Acute Abdomen",64,Female,"Private Insurance",Referral,1,24048.28,Recovered,False,4
ADM304683,PT23333,2024-01-06,Neurology,Migraine,24,Female,"Corporate Insurance",Referral,13,88371.17,Recovered,False,1
ADM303142,PT22020,2024-01-06,Emergency,Trauma,52,Male,"Government Scheme",Elective,1,44817.11,Recovered,False,4
ADM300522,PT20391,2024-01-06,Gynecology,"Normal Delivery",19,Female,"Corporate Insurance",Elective,1,69585.38,Recovered,False,5
ADM300146,PT20116,2024-01-06,Cardiology,Arrhythmia,22,Male,"Government Scheme",Elective,2,106193.57,Recovered,False,5
ADM301450,PT21036,2024-01-06,Cardiology,Hypertension,18,Female,"Private Insurance",Emergency,5,90200.25,Recovered,False,5
ADM310317,PT27250,2024-01-07,Cardiology,"Heart Failure",95,Male,Self-Pay,Elective,5,119256.46,Recovered,False,4
ADM306433,PT24549,2024-01-07,Orthopedics,Fracture,52,Female,"Government Scheme",Elective,10,93377.55,Recovered,False,1
ADM305238,PT23642,2024-01-07,Gynecology,"Normal Delivery",22,Male,"Private Insurance",Emergency,2,37900.4,Recovered,False,5
ADM301777,PT21116,2024-01-07,Orthopedics,"Sports Injury",52,Female,"Private Insurance",Elective,7,132870.76,Recovered,False,4
ADM303357,PT22371,2024-01-07,Oncology,"Lung Cancer",62,Male,"Government Scheme",Referral,11,211257.98,Recovered,False,2
ADM311658,PT28204,2024-01-07,Cardiology,Arrhythmia,46,Male,"Government Scheme",Elective,5,113140.59,Recovered,False,4
ADM300160,PT20126,2024-01-07,Cardiology,"Heart Failure",41,Female,"Private Insurance",Elective,4,83237.67,Recovered,False,3
ADM306044,PT24253,2024-01-07,Neurology,"Parkinson's Disease",54,Female,"Private Insurance",Elective,10,82952.71,Recovered,False,5
ADM301725,PT20950,2024-01-07,Nephrology,Dialysis,26,Female,"Government Scheme",Elective,11,138175.77,Recovered,False,1
ADM309373,PT26573,2024-01-07,Oncology,"Lung Cancer",25,Male,"Government Scheme",Elective,11,152417.46,Recovered,False,4
ADM310144,PT27126,2024-01-07,"General Medicine",Gastroenteritis,38,Male,"Private Insurance",Emergency,3,47878.23,Recovered,False,4
ADM309356,PT26561,2024-01-07,Cardiology,"Heart Failure",22,Male,"Private Insurance",Elective,3,138537.42,Recovered,False,5
ADM308414,PT25921,2024-01-07,Pulmonology,Pneumonia,45,Female,"Private Insurance",Referral,7,42066.7,Recovered,False,4
ADM310029,PT26862,2024-01-07,"General Medicine",Hypertension,45,Female,"Government Scheme",Elective,1,50164.47,Recovered,False,5
ADM308159,PT25705,2024-01-07,Emergency,Trauma,46,Female,"Corporate Insurance",Emergency,2,40167.22,"Left Against Medical Advice",False,4
ADM309482,PT26646,2024-01-07,Orthopedics,"Joint Replacement",37,Female,Self-Pay,Elective,10,110671.15,Recovered,False,4
ADM300690,PT20511,2024-01-07,Orthopedics,Fracture,57,Female,"Government Scheme",Elective,5,127331.94,Recovered,False,5
ADM307368,PT25192,2024-01-07,Emergency,"Acute Abdomen",40,Female,"Government Scheme",Elective,5,39619.61,Recovered,False,3
ADM308222,PT25606,2024-01-08,Orthopedics,"Spinal Disorder",76,Male,Self-Pay,Emergency,11,143877.85,Recovered,False,4
ADM301951,PT21386,2024-01-08,Nephrology,"Chronic Kidney Disease",60,Male,"Government Scheme",Elective,6,87330.36,Recovered,False,4
ADM311608,PT28169,2024-01-08,"General Medicine",Gastroenteritis,77,Female,"Private Insurance",Emergency,2,33068.7,Recovered,False,3
ADM308076,PT25485,2024-01-08,Pediatrics,Asthma,9,Female,"Government Scheme",Elective,3,33079.48,Transferred,False,5
ADM311633,PT27907,2024-01-08,"General Medicine","Diabetes Mellitus",59,Male,"Private Insurance",Referral,3,33856.44,Recovered,False,5
ADM311654,PT28200,2024-01-08,Cardiology,Hypertension,29,Male,"Private Insurance",Emergency,5,74679.5,Recovered,False,5
ADM304555,PT23242,2024-01-08,Emergency,"Accident Injury",63,Male,"Government Scheme",Elective,1,48634.82,Recovered,False,5
ADM310939,PT27697,2024-01-08,"General Medicine",Hypertension,47,Female,"Private Insurance",Elective,6,32766.33,Recovered,False,3
ADM305060,PT23581,2024-01-08,Neurology,Stroke,42,Female,"Government Scheme",Elective,5,129528.71,Recovered,False,4
ADM305861,PT24152,2024-01-08,"General Medicine",Gastroenteritis,53,Male,"Private Insurance",Emergency,1,25648.43,Recovered,False,2
ADM310670,PT27503,2024-01-08,Nephrology,"Chronic Kidney Disease",48,Female,"Private Insurance",Elective,8,83277.32,Recovered,False,3
ADM305781,PT24088,2024-01-08,Oncology,"Colon Cancer",70,Male,"Government Scheme",Emergency,7,181865.43,Recovered,False,3
ADM303503,PT22469,2024-01-08,"General Medicine",Hypertension,49,Female,Self-Pay,Emergency,3,31081.71,Recovered,False,4
ADM310775,PT27575,2024-01-08,Orthopedics,"Sports Injury",46,Female,"Private Insurance",Referral,7,169444.42,Recovered,False,5
ADM304821,PT23397,2024-01-08,"General Medicine","Viral Fever",48,Male,"Private Insurance",Emergency,2,51179.4,Recovered,False,4
ADM308532,PT25916,2024-01-08,Emergency,Trauma,20,Male,"Corporate Insurance",Emergency,6,28121.39,Recovered,False,4
ADM310700,PT27497,2024-01-08,"General Medicine","Diabetes Mellitus",50,Female,"Government Scheme",Elective,3,55969.12,Recovered,False,4
ADM304797,PT23409,2024-01-08,Cardiology,"Coronary Artery Disease",34,Male,"Private Insurance",Elective,2,109736.44,Transferred,False,5
ADM303328,PT22348,2024-01-09,Pediatrics,"Respiratory Infection",9,Male,"Government Scheme",Elective,5,47812.75,Recovered,False,2
ADM301718,PT21233,2024-01-09,Cardiology,Hypertension,51,Female,"Government Scheme",Emergency,2,122250.52,Recovered,False,5
ADM303759,PT22652,2024-01-09,Cardiology,Hypertension,32,Male,"Private Insurance",Referral,4,100900.98,Recovered,False,5
ADM311616,PT28062,2024-01-09,Gynecology,"Normal Delivery",27,Male,"Corporate Insurance",Elective,11,61250.79,Recovered,False,2
ADM305278,PT23740,2024-01-09,Pulmonology,Tuberculosis,28,Female,"Government Scheme",Emergency,7,73212.52,Recovered,False,5
ADM303270,PT22310,2024-01-09,Orthopedics,Fracture,38,Male,"Private Insurance",Emergency,9,187618.67,Recovered,False,4
ADM306738,PT24764,2024-01-09,Gynecology,PCOS,19,Male,"Government Scheme",Elective,6,52199.83,Recovered,False,4
ADM307626,PT25369,2024-01-09,Cardiology,Hypertension,95,Male,"Corporate Insurance",Elective,6,150771.65,Recovered,False,2
ADM304206,PT22799,2024-01-09,Nephrology,Dialysis,53,Female,"Government Scheme",Emergency,5,82338.33,Recovered,False,5
ADM309951,PT26794,2024-01-09,Oncology,"Lung Cancer",65,Male,"Government Scheme",Elective,10,260691.71,Recovered,False,1
ADM308170,PT25747,2024-01-09,Emergency,Trauma,18,Female,"Private Insurance",Emergency,1,30610.74,Recovered,False,2
ADM308905,PT26252,2024-01-09,Pediatrics,"Viral Fever",8,Female,Self-Pay,Referral,3,44303.14,"Left Against Medical Advice",False,4
ADM304618,PT23289,2024-01-09,Gynecology,PCOS,34,Male,"Private Insurance",Elective,3,50525.49,Recovered,False,3
ADM308914,PT26097,2024-01-09,"General Medicine","Viral Fever",56,Male,"Government Scheme",Elective,4,55434.41,Recovered,False,5
ADM308835,PT26121,2024-01-09,Emergency,Trauma,51,Male,"Government Scheme",Referral,1,47455.57,Recovered,False,5
ADM308261,PT25814,2024-01-09,Emergency,Trauma,37,Female,Self-Pay,Elective,2,44504.4,Recovered,False,2
ADM306271,PT24432,2024-01-09,Pediatrics,Malnutrition,0,Male,"Corporate Insurance",Emergency,7,41095.81,Recovered,False,3
ADM309261,PT26500,2024-01-09,Cardiology,"Heart Failure",35,Male,"Corporate Insurance",Elective,5,82815,Recovered,False,5
ADM300995,PT20727,2024-01-09,"General Medicine",Gastroenteritis,66,Male,"Government Scheme",Elective,2,30175.48,Recovered,False,3
ADM307095,PT25006,2024-01-10,Emergency,Trauma,19,Male,Self-Pay,Emergency,1,33483.61,Recovered,False,3
ADM309723,PT26820,2024-01-10,"General Medicine","Viral Fever",7,Male,Self-Pay,Emergency,1,31230.99,Recovered,False,4
ADM310044,PT27055,2024-01-10,Oncology,Leukemia,37,Female,"Corporate Insurance",Emergency,11,244410.61,Recovered,False,4
ADM302033,PT21446,2024-01-10,Cardiology,Hypertension,17,Female,"Corporate Insurance",Elective,8,152783.98,Recovered,False,3
ADM309441,PT26614,2024-01-10,"General Medicine","Diabetes Mellitus",53,Male,"Corporate Insurance",Elective,2,40238.43,Recovered,False,1
ADM307401,PT25216,2024-01-10,"General Medicine","Viral Fever",36,Male,"Private Insurance",Emergency,2,37041.93,Recovered,False,4
ADM300504,PT20379,2024-01-10,Orthopedics,Fracture,65,Male,"Private Insurance",Emergency,7,134174.72,Recovered,False,4
ADM308064,PT25612,2024-01-10,Orthopedics,Fracture,26,Female,"Government Scheme",Elective,7,91123.66,Recovered,False,2
ADM308443,PT25897,2024-01-10,Nephrology,UTI,49,Male,"Government Scheme",Emergency,5,93078.08,Recovered,False,5
ADM308627,PT26063,2024-01-10,Gynecology,"Normal Delivery",22,Female,Self-Pay,Elective,2,61931.93,Recovered,False,3
ADM300606,PT20450,2024-01-10,Pulmonology,Pneumonia,33,Female,"Private Insurance",Emergency,3,45810.11,Recovered,False,3
ADM301606,PT21050,2024-01-10,Neurology,Epilepsy,81,Female,"Corporate Insurance",Elective,10,125950.31,Recovered,False,5
ADM301991,PT21414,2024-01-10,Oncology,"Lung Cancer",44,Female,"Private Insurance",Elective,9,225304.73,Transferred,False,5
ADM305840,PT24088,2024-01-10,Emergency,Trauma,57,Female,"Corporate Insurance",Elective,1,44166.3,Recovered,True,3
ADM306321,PT24193,2024-01-10,Neurology,Stroke,27,Male,"Government Scheme",Emergency,7,101369.69,Recovered,False,4
ADM306912,PT24784,2024-01-10,Oncology,"Lung Cancer",12,Male,Self-Pay,Emergency,9,263405.26,Recovered,False,5
ADM302167,PT21488,2024-01-10,Orthopedics,"Spinal Disorder",47,Female,"Government Scheme",Elective,6,115549.06,Recovered,False,5
ADM302120,PT21492,2024-01-10,Cardiology,Arrhythmia,33,Female,Self-Pay,Elective,4,96485.28,Recovered,False,5
ADM305751,PT23983,2024-01-10,Emergency,Poisoning,55,Male,"Corporate Insurance",Elective,2,48377.36,Recovered,False,5
ADM300549,PT20409,2024-01-10,Emergency,"Accident Injury",48,Male,"Government Scheme",Referral,2,29587.56,Recovered,False,5
ADM303107,PT22193,2024-01-11,Pediatrics,"Respiratory Infection",5,Male,"Corporate Insurance",Emergency,1,26957.65,Recovered,False,3
ADM311667,PT28037,2024-01-11,Pediatrics,"Respiratory Infection",8,Male,"Private Insurance",Elective,2,28118.67,Recovered,False,5
ADM307439,PT25020,2024-01-11,"General Medicine","Viral Fever",47,Male,"Government Scheme",Emergency,5,38522.15,Recovered,False,3
ADM304354,PT23090,2024-01-11,"General Medicine",Gastroenteritis,48,Male,Self-Pay,Referral,6,36928.93,Recovered,False,4
ADM306401,PT24524,2024-01-11,Pediatrics,Malnutrition,9,Male,"Corporate Insurance",Emergency,2,42686.15,Recovered,False,5
ADM309458,PT26481,2024-01-11,Emergency,"Accident Injury",58,Female,"Corporate Insurance",Referral,2,39972.07,Recovered,False,3
ADM307612,PT25360,2024-01-11,Oncology,"Lung Cancer",89,Male,"Government Scheme",Elective,11,167137.49,Recovered,False,3
ADM301101,PT20799,2024-01-11,Nephrology,"Kidney Stones",46,Female,"Private Insurance",Emergency,6,126472.38,Recovered,False,4
ADM301943,PT21380,2024-01-11,Cardiology,Hypertension,65,Male,"Government Scheme",Elective,4,132221.75,Recovered,False,2
ADM300999,PT20730,2024-01-11,Pediatrics,"Viral Fever",10,Male,"Private Insurance",Emergency,7,26432.08,Recovered,False,5
ADM310543,PT27119,2024-01-11,Oncology,"Breast Cancer",40,Male,"Government Scheme",Elective,8,201535.53,Recovered,False,4
ADM303914,PT22633,2024-01-11,Pediatrics,Asthma,6,Male,"Private Insurance",Elective,4,28806.41,Recovered,False,5
ADM310589,PT27358,2024-01-11,Cardiology,"Coronary Artery Disease",27,Male,"Private Insurance",Emergency,3,76816.46,Recovered,False,1
ADM304733,PT23336,2024-01-11,Orthopedics,"Joint Replacement",47,Male,"Private Insurance",Elective,8,127015.12,Recovered,False,4
ADM304778,PT23253,2024-01-12,Neurology,Stroke,30,Female,Self-Pay,Referral,11,157085.68,Recovered,False,2
ADM311999,PT28436,2024-01-12,Pediatrics,Asthma,5,Female,"Government Scheme",Elective,2,35147.63,Recovered,False,2
ADM310893,PT27666,2024-01-12,"General Medicine","Viral Fever",32,Male,"Private Insurance",Emergency,4,46757.29,Recovered,False,5
ADM306903,PT24873,2024-01-12,"General Medicine","Viral Fever",40,Female,"Private Insurance",Emergency,4,52515.75,Recovered,False,4
ADM309985,PT26818,2024-01-12,Neurology,Stroke,45,Male,"Corporate Insurance",Emergency,7,145841.29,Recovered,False,2
ADM308041,PT25652,2024-01-12,Cardiology,"Coronary Artery Disease",39,Male,"Private Insurance",Emergency,8,98059.69,Recovered,False,1
ADM307025,PT24958,2024-01-12,Emergency,Trauma,52,Male,"Private Insurance",Emergency,2,48633.73,Recovered,False,2
ADM302486,PT21759,2024-01-12,Gynecology,"Menstrual Disorder",17,Male,"Private Insurance",Referral,2,44780.05,Recovered,False,2
ADM303742,PT22637,2024-01-12,Emergency,"Accident Injury",85,Male,"Corporate Insurance",Emergency,3,40370.9,Recovered,False,5
ADM303337,PT22356,2024-01-12,Cardiology,"Coronary Artery Disease",76,Male,Self-Pay,Elective,3,137122.69,Recovered,False,4
ADM305112,PT23616,2024-01-12,Emergency,Trauma,50,Male,"Corporate Insurance",Emergency,2,35142.73,Recovered,False,4
ADM306189,PT24373,2024-01-12,Gynecology,C-Section,21,Male,"Government Scheme",Elective,6,64283.43,Recovered,False,5
ADM400186,PT22236,2024-01-12,Oncology,"Lung Cancer",18,Male,"Private Insurance",Emergency,4,241317.32,Recovered,True,4
ADM311554,PT28130,2024-01-12,Emergency,"Accident Injury",27,Female,"Government Scheme",Emergency,3,26276.9,Recovered,False,3
ADM308803,PT26184,2024-01-12,Gynecology,"Menstrual Disorder",38,Male,Self-Pay,Referral,3,53709.22,Recovered,False,2
ADM301686,PT21209,2024-01-12,"General Medicine",Hypertension,53,Female,"Government Scheme",Elective,4,43691.75,Recovered,False,3
ADM306573,PT24650,2024-01-12,Pediatrics,Asthma,8,Male,"Government Scheme",Emergency,5,35422.69,Recovered,False,3
ADM303588,PT22438,2024-01-12,Gynecology,C-Section,25,Female,"Government Scheme",Elective,5,53088.2,Recovered,False,4
ADM309529,PT26679,2024-01-12,Emergency,Trauma,66,Female,"Corporate Insurance",Emergency,1,47074.1,Recovered,False,4
ADM303568,PT22517,2024-01-12,Orthopedics,"Spinal Disorder",20,Female,"Government Scheme",Emergency,9,122630.18,Recovered,False,4
ADM307989,PT25344,2024-01-12,Pediatrics,Asthma,12,Female,Self-Pay,Elective,6,49971.6,Recovered,False,5
ADM309526,PT26391,2024-01-13,Emergency,Trauma,31,Female,Self-Pay,Elective,2,31321.41,Recovered,False,4
ADM311574,PT28018,2024-01-13,Emergency,Trauma,68,Female,"Government Scheme",Elective,2,45124.13,Recovered,False,4
ADM309498,PT26658,2024-01-13,Nephrology,"Chronic Kidney Disease",50,Female,"Corporate Insurance",Emergency,9,124243.67,Recovered,False,2
ADM304265,PT22956,2024-01-13,Cardiology,"Coronary Artery Disease",56,Female,"Private Insurance",Elective,7,116975.04,Recovered,False,5
ADM302051,PT21270,2024-01-13,Gynecology,PCOS,43,Male,"Corporate Insurance",Referral,1,50201.49,Recovered,False,3
ADM303062,PT22160,2024-01-13,Emergency,Poisoning,53,Male,"Private Insurance",Referral,1,43237.26,Recovered,False,5
ADM304569,PT23250,2024-01-13,Pediatrics,Asthma,4,Male,"Government Scheme",Referral,2,37694.09,Recovered,False,1
ADM311650,PT28006,2024-01-13,Orthopedics,"Spinal Disorder",82,Female,Self-Pay,Elective,10,159673.74,Recovered,False,3
ADM303895,PT22600,2024-01-13,Emergency,Trauma,34,Female,Self-Pay,Emergency,2,36912.4,Transferred,False,5
ADM307652,PT25382,2024-01-13,Pulmonology,Pneumonia,84,Male,"Government Scheme",Elective,4,58958.38,Recovered,False,4
ADM310849,PT27631,2024-01-13,"General Medicine","Viral Fever",18,Male,"Government Scheme",Elective,4,28784.14,Recovered,False,4
ADM308770,PT26159,2024-01-13,Orthopedics,Fracture,34,Male,"Corporate Insurance",Emergency,6,143719.43,Recovered,False,5
ADM302934,PT22072,2024-01-13,Cardiology,Hypertension,51,Male,Self-Pay,Elective,4,123211.78,Recovered,False,5
ADM302225,PT21579,2024-01-13,Orthopedics,Fracture,78,Male,"Private Insurance",Referral,8,184399.65,Recovered,False,4
ADM306837,PT24826,2024-01-13,"General Medicine",Gastroenteritis,56,Female,"Private Insurance",Emergency,2,27741.83,Recovered,False,5
ADM307470,PT25164,2024-01-13,Oncology,"Colon Cancer",30,Male,"Government Scheme",Elective,9,250931.24,Recovered,False,3
ADM400973,PT27575,2024-01-13,Orthopedics,"Sports Injury",46,Female,"Private Insurance",Emergency,5,141770.08,Recovered,True,5
ADM308788,PT26113,2024-01-13,Cardiology,Hypertension,48,Female,"Corporate Insurance",Elective,6,129226.98,Recovered,False,5
ADM311034,PT27757,2024-01-14,Neurology,"Parkinson's Disease",40,Male,"Corporate Insurance",Elective,9,128762.97,Recovered,False,5
ADM309759,PT26790,2024-01-14,Orthopedics,Fracture,0,Female,"Government Scheme",Elective,5,169088.64,"Left Against Medical Advice",False,3
ADM311593,PT28159,2024-01-14,Oncology,Leukemia,66,Female,Self-Pay,Emergency,14,350261.76,Recovered,False,4
ADM311216,PT27892,2024-01-14,Neurology,Epilepsy,51,Female,"Corporate Insurance",Elective,7,81468.83,Recovered,False,2
ADM304772,PT23392,2024-01-14,Cardiology,Arrhythmia,73,Female,"Private Insurance",Emergency,5,83932.9,Recovered,False,4
ADM311649,PT28197,2024-01-14,Gynecology,C-Section,30,Male,"Private Insurance",Referral,5,38000.59,Recovered,False,1
ADM303557,PT22508,2024-01-14,Emergency,Trauma,12,Male,Self-Pay,Elective,1,41785.56,Recovered,False,3
ADM302520,PT21520,2024-01-14,Emergency,Trauma,24,Male,"Government Scheme",Referral,1,34921.68,Recovered,False,5
ADM309621,PT26749,2024-01-14,Orthopedics,"Spinal Disorder",20,Female,"Government Scheme",Elective,12,206800.22,Recovered,False,5
ADM310687,PT27516,2024-01-14,Emergency,"Accident Injury",55,Male,"Government Scheme",Emergency,4,38234.68,Recovered,False,2
ADM307738,PT25438,2024-01-14,"General Medicine","Diabetes Mellitus",27,Female,"Private Insurance",Emergency,2,45807.29,Recovered,False,4
ADM303927,PT22770,2024-01-14,Emergency,"Acute Abdomen",71,Female,"Private Insurance",Elective,1,46888.5,Recovered,False,5
ADM304376,PT23085,2024-01-14,Pediatrics,Asthma,12,Female,"Corporate Insurance",Emergency,3,38277.9,Recovered,False,5
ADM308086,PT25450,2024-01-14,Emergency,"Accident Injury",39,Female,"Government Scheme",Emergency,1,43932.03,Recovered,False,5
ADM304454,PT23167,2024-01-14,Nephrology,UTI,45,Male,"Government Scheme",Emergency,3,84460.55,"Left Against Medical Advice",False,5
ADM300477,PT20359,2024-01-14,"General Medicine","Diabetes Mellitus",58,Male,"Corporate Insurance",Emergency,1,39308.94,Transferred,False,3
ADM306868,PT24847,2024-01-14,Pulmonology,COPD,49,Male,"Private Insurance",Elective,3,34912.32,Recovered,False,4
ADM301285,PT20827,2024-01-14,Pulmonology,COPD,33,Male,"Government Scheme",Elective,2,41695.69,Recovered,False,4
ADM301166,PT20848,2024-01-14,Orthopedics,"Joint Replacement",34,Male,Self-Pay,Emergency,8,102052.32,Recovered,False,4
ADM308275,PT25827,2024-01-15,"General Medicine",Gastroenteritis,10,Male,"Corporate Insurance",Referral,2,55901.76,Recovered,False,5
ADM309665,PT26780,2024-01-15,Cardiology,"Heart Failure",46,Female,Self-Pay,Elective,10,146300.55,Recovered,False,3
ADM304592,PT23267,2024-01-15,Cardiology,"Heart Failure",56,Female,"Government Scheme",Elective,4,80377.14,Recovered,False,4
ADM310372,PT27293,2024-01-15,Neurology,Stroke,39,Male,"Private Insurance",Elective,9,132049.58,Recovered,False,4
ADM311811,PT28238,2024-01-15,Emergency,"Acute Abdomen",37,Male,"Private Insurance",Elective,3,44874.08,Recovered,False,4
ADM304470,PT23179,2024-01-15,Neurology,Epilepsy,44,Female,"Private Insurance",Emergency,6,97679.58,Recovered,False,4
ADM311336,PT27974,2024-01-15,Cardiology,Hypertension,58,Female,"Government Scheme",Elective,6,101431.37,Recovered,False,3
ADM301627,PT21169,2024-01-15,"General Medicine",Gastroenteritis,66,Male,"Government Scheme",Elective,3,31466.74,Recovered,False,5
ADM311463,PT28069,2024-01-15,Nephrology,Dialysis,52,Female,"Private Insurance",Elective,7,114573.32,Recovered,False,4
ADM308733,PT26136,2024-01-15,Gynecology,"Menstrual Disorder",36,Male,Self-Pay,Elective,1,54641.88,Recovered,False,5
ADM300150,PT20119,2024-01-15,Pediatrics,"Respiratory Infection",9,Male,Self-Pay,Elective,2,42363.28,Recovered,False,4
ADM301161,PT20843,2024-01-15,Neurology,Epilepsy,39,Female,"Private Insurance",Emergency,8,89880.83,Recovered,False,1
ADM308270,PT25822,2024-01-15,Cardiology,"Coronary Artery Disease",55,Male,Self-Pay,Emergency,4,106270,Recovered,False,5
ADM301058,PT20770,2024-01-15,Cardiology,Hypertension,95,Male,"Private Insurance",Emergency,1,70646.3,Recovered,False,4
ADM300168,PT20132,2024-01-15,Pediatrics,Malnutrition,11,Female,Self-Pay,Referral,2,40276,Recovered,False,5
ADM304421,PT23142,2024-01-15,"General Medicine",Hypertension,42,Male,"Corporate Insurance",Elective,3,28298.05,Recovered,False,4
ADM306801,PT24804,2024-01-15,Neurology,Migraine,24,Male,"Government Scheme",Elective,11,115059.89,Recovered,False,4
ADM310191,PT27161,2024-01-15,Pediatrics,"Viral Fever",5,Male,"Corporate Insurance",Referral,5,39829.42,Recovered,False,5
ADM401248,PT21233,2024-01-15,Cardiology,Hypertension,51,Female,"Government Scheme",Emergency,2,122056.37,Recovered,True,2
ADM307759,PT25457,2024-01-15,"General Medicine","Diabetes Mellitus",43,Female,"Private Insurance",Elective,2,35822.08,Recovered,False,4
ADM311861,PT28346,2024-01-15,Pediatrics,Malnutrition,6,Female,"Government Scheme",Referral,2,25580.06,Recovered,False,4
ADM308333,PT25865,2024-01-15,Emergency,"Acute Abdomen",6,Female,"Private Insurance",Referral,3,27628.92,Recovered,False,5
ADM308178,PT25718,2024-01-15,Pediatrics,Malnutrition,7,Male,"Private Insurance",Elective,4,29758.63,Recovered,False,5
ADM305049,PT23432,2024-01-15,Gynecology,"Normal Delivery",20,Female,"Government Scheme",Elective,3,46980.45,Recovered,False,1
ADM310177,PT26896,2024-01-16,Neurology,Epilepsy,53,Male,"Government Scheme",Emergency,6,137543.35,Recovered,False,4
ADM302875,PT21937,2024-01-16,Neurology,"Parkinson's Disease",0,Female,"Government Scheme",Elective,3,86298.23,Recovered,False,3
ADM306735,PT24761,2024-01-16,Orthopedics,Fracture,41,Male,"Government Scheme",Elective,6,107444.95,Recovered,False,4
ADM311869,PT28351,2024-01-16,"General Medicine","Viral Fever",39,Female,"Private Insurance",Referral,5,39744.49,"Left Against Medical Advice",False,4
ADM310147,PT27129,2024-01-16,"General Medicine",Hypertension,26,Female,Self-Pay,Elective,5,52773.05,Recovered,False,5
ADM308809,PT26188,2024-01-16,Gynecology,C-Section,27,Female,"Private Insurance",Emergency,5,80723.74,Recovered,False,4
ADM301378,PT20986,2024-01-16,Pediatrics,Asthma,13,Male,"Corporate Insurance",Elective,2,30184.38,Recovered,False,5
ADM303910,PT22759,2024-01-16,Cardiology,Arrhythmia,49,Male,"Government Scheme",Elective,6,117756.91,Transferred,False,3
ADM303263,PT22304,2024-01-16,Orthopedics,"Joint Replacement",51,Female,"Private Insurance",Elective,5,169264.26,Recovered,False,5
ADM301239,PT20842,2024-01-16,Orthopedics,Fracture,17,Female,"Private Insurance",Elective,8,178782.19,Recovered,False,5
ADM303774,PT22435,2024-01-16,"General Medicine","Diabetes Mellitus",21,Male,"Corporate Insurance",Emergency,3,56832.53,Recovered,False,5
ADM400090,PT27237,2024-01-16,Oncology,"Colon Cancer",86,Female,"Government Scheme",Emergency,7,130546.92,Recovered,True,2
ADM300019,PT20020,2024-01-16,Pediatrics,"Viral Fever",10,Female,"Government Scheme",Elective,3,28793.9,Recovered,False,1
ADM310831,PT27617,2024-01-16,Neurology,Epilepsy,49,Male,"Private Insurance",Elective,5,75050.75,Transferred,False,4
ADM307069,PT24991,2024-01-16,Orthopedics,"Spinal Disorder",62,Male,"Government Scheme",Elective,2,136806.61,Recovered,False,4
ADM310982,PT27724,2024-01-16,Nephrology,"Kidney Stones",73,Male,"Government Scheme",Elective,7,112446.61,Recovered,False,5
ADM400331,PT20379,2024-01-16,Orthopedics,Fracture,65,Male,"Private Insurance",Emergency,6,111556.99,Recovered,True,4
ADM311401,PT27850,2024-01-16,Neurology,Epilepsy,62,Male,"Private Insurance",Emergency,14,110826.3,"Left Against Medical Advice",False,4
ADM308487,PT25961,2024-01-16,Pediatrics,"Viral Fever",9,Female,Self-Pay,Referral,5,38699.82,Recovered,False,2
ADM303811,PT22690,2024-01-16,Cardiology,Hypertension,41,Male,"Corporate Insurance",Emergency,3,84919.72,Recovered,False,5
ADM304662,PT23318,2024-01-16,Neurology,Migraine,55,Female,Self-Pay,Elective,5,137107.28,Recovered,False,4
ADM308865,PT26225,2024-01-17,Cardiology,"Coronary Artery Disease",44,Male,"Private Insurance",Elective,1,112390.65,Recovered,False,5
ADM309792,PT26845,2024-01-17,Pediatrics,"Respiratory Infection",0,Male,"Private Insurance",Elective,5,49158.66,Recovered,False,3
ADM307961,PT25600,2024-01-17,Cardiology,"Coronary Artery Disease",71,Male,"Private Insurance",Elective,5,143626.71,Recovered,False,5
ADM309845,PT26903,2024-01-17,"General Medicine",Hypertension,57,Male,"Private Insurance",Emergency,3,29261.32,Recovered,False,4
ADM306294,PT24448,2024-01-17,Emergency,"Accident Injury",65,Male,"Corporate Insurance",Referral,1,45589.19,Transferred,False,3
ADM307888,PT25548,2024-01-17,"General Medicine","Viral Fever",28,Female,"Private Insurance",Emergency,3,29561.81,Recovered,False,5
ADM304214,PT22981,2024-01-17,Cardiology,"Heart Failure",30,Male,Self-Pay,Elective,7,97574.16,Transferred,False,5
ADM306048,PT24280,2024-01-17,Gynecology,PCOS,31,Male,Self-Pay,Elective,5,64387.58,Recovered,False,4
ADM305638,PT23989,2024-01-17,Neurology,Migraine,73,Female,"Private Insurance",Emergency,6,102807.52,Recovered,False,3
ADM303462,PT22267,2024-01-17,Oncology,Leukemia,43,Female,"Corporate Insurance",Elective,15,349947.43,Recovered,False,1
ADM309966,PT26745,2024-01-17,Oncology,"Colon Cancer",35,Female,"Private Insurance",Referral,5,191989.34,Recovered,False,1
ADM309336,PT26547,2024-01-17,"General Medicine",Gastroenteritis,55,Female,"Government Scheme",Referral,1,48789.29,Recovered,False,2
ADM304077,PT22878,2024-01-17,"General Medicine",Gastroenteritis,35,Female,"Private Insurance",Emergency,1,28130.78,Recovered,False,5
ADM307270,PT25119,2024-01-17,Emergency,Poisoning,68,Male,"Private Insurance",Emergency,4,31615.79,Recovered,False,3
ADM310877,PT27389,2024-01-17,"General Medicine",Hypertension,42,Female,"Corporate Insurance",Elective,4,54251.74,Recovered,False,5
ADM302557,PT21807,2024-01-17,Gynecology,PCOS,20,Male,"Government Scheme",Emergency,7,53427.16,Recovered,False,2
ADM303204,PT22265,2024-01-17,Cardiology,"Heart Failure",33,Male,"Private Insurance",Elective,2,107384.01,Recovered,False,4
ADM303872,PT22733,2024-01-17,Orthopedics,"Sports Injury",34,Female,"Government Scheme",Elective,5,151788.26,Recovered,False,4
ADM307059,PT24984,2024-01-17,Orthopedics,"Joint Replacement",47,Male,"Government Scheme",Referral,6,158920.37,Recovered,False,4
ADM304671,PT23324,2024-01-17,Pediatrics,Asthma,5,Female,"Private Insurance",Elective,2,39351.89,Recovered,False,4
ADM304836,PT23164,2024-01-18,Nephrology,"Chronic Kidney Disease",28,Female,"Government Scheme",Referral,4,69400.8,Recovered,False,5
ADM309793,PT26868,2024-01-18,Gynecology,C-Section,29,Male,"Private Insurance",Emergency,4,64627.35,Recovered,False,5
ADM300351,PT20272,2024-01-18,"General Medicine",Gastroenteritis,53,Female,"Government Scheme",Elective,6,37435.15,"Left Against Medical Advice",False,3
ADM301326,PT20952,2024-01-18,Orthopedics,Fracture,20,Female,"Government Scheme",Elective,6,130266.72,Recovered,False,4
ADM302304,PT21638,2024-01-18,Cardiology,Arrhythmia,29,Male,"Private Insurance",Emergency,6,150836.62,Recovered,False,2
ADM306848,PT24675,2024-01-18,Pediatrics,Malnutrition,3,Male,"Private Insurance",Emergency,5,48385.03,Recovered,False,2
ADM306587,PT24658,2024-01-18,Emergency,Poisoning,63,Female,"Private Insurance",Emergency,1,44349.5,Recovered,False,3
ADM304513,PT23212,2024-01-18,Neurology,Stroke,53,Male,"Government Scheme",Referral,6,81640.91,Recovered,False,5
ADM308670,PT25956,2024-01-18,Emergency,Trauma,73,Female,"Government Scheme",Emergency,1,29476.25,Recovered,False,4
ADM303499,PT22465,2024-01-18,Orthopedics,"Sports Injury",17,Male,Self-Pay,Referral,8,165722.02,Recovered,False,4
ADM303333,PT22113,2024-01-18,"General Medicine",Gastroenteritis,24,Male,"Government Scheme",Emergency,2,50350.55,Recovered,False,2
ADM302443,PT21733,2024-01-18,Emergency,"Acute Abdomen",40,Male,"Private Insurance",Elective,4,43472.28,Recovered,False,5
ADM309335,PT26301,2024-01-18,Pediatrics,Malnutrition,0,Female,"Private Insurance",Elective,6,32152.71,Recovered,False,4
ADM302453,PT21738,2024-01-18,Cardiology,Hypertension,74,Male,"Private Insurance",Elective,8,148783.57,Recovered,False,3
ADM303034,PT22141,2024-01-18,Emergency,Trauma,20,Female,Self-Pay,Referral,1,30127.21,Transferred,False,4
ADM305807,PT24108,2024-01-18,Oncology,"Colon Cancer",71,Male,"Private Insurance",Elective,15,245834.48,Recovered,False,4
ADM302529,PT21518,2024-01-18,Pulmonology,COPD,41,Male,"Private Insurance",Referral,3,62264.3,Recovered,False,4
ADM311659,PT28205,2024-01-18,Nephrology,"Kidney Stones",47,Female,"Private Insurance",Referral,5,92831.72,Recovered,False,5
ADM308240,PT25797,2024-01-18,Emergency,"Accident Injury",55,Female,"Private Insurance",Elective,1,28267.88,Recovered,False,3
ADM306767,PT24780,2024-01-18,Gynecology,PCOS,33,Male,Self-Pay,Emergency,8,61784.38,Recovered,False,4
ADM303652,PT22310,2024-01-18,Oncology,"Breast Cancer",34,Male,Self-Pay,Emergency,9,205769.32,Recovered,True,4
ADM300559,PT20418,2024-01-18,Cardiology,Hypertension,53,Male,Self-Pay,Emergency,4,82461.53,Recovered,False,4
ADM306440,PT24554,2024-01-18,Oncology,"Breast Cancer",0,Female,Self-Pay,Referral,11,252757.95,Recovered,False,4
ADM304064,PT22875,2024-01-18,Nephrology,Dialysis,15,Male,"Private Insurance",Elective,7,100033.34,Recovered,False,4
ADM308348,PT25873,2024-01-18,"General Medicine",Hypertension,39,Female,"Corporate Insurance",Elective,4,52843.06,Recovered,False,5
ADM310515,PT27396,2024-01-18,Emergency,Poisoning,57,Female,Self-Pay,Emergency,2,31482.34,Recovered,False,1
ADM306063,PT24282,2024-01-18,Pulmonology,COPD,41,Female,Self-Pay,Referral,5,41097.17,Recovered,False,4
ADM311164,PT27855,2024-01-18,"General Medicine","Viral Fever",76,Female,"Private Insurance",Emergency,5,31099.14,Recovered,False,5
ADM305223,PT23700,2024-01-19,"General Medicine","Viral Fever",31,Female,Self-Pay,Referral,1,29591.36,Recovered,False,3
ADM301354,PT20970,2024-01-19,Emergency,"Acute Abdomen",60,Female,"Government Scheme",Elective,1,27613.12,Recovered,False,5
ADM305270,PT23714,2024-01-19,Pediatrics,Malnutrition,16,Male,"Private Insurance",Elective,2,26422.46,Recovered,False,3
ADM302490,PT21761,2024-01-19,Orthopedics,"Spinal Disorder",56,Female,"Private Insurance",Elective,14,195466.29,Recovered,False,4
ADM308677,PT26075,2024-01-19,Neurology,Migraine,82,Female,"Government Scheme",Emergency,2,87553.91,Recovered,False,3
ADM305150,PT23649,2024-01-19,Cardiology,Arrhythmia,53,Male,"Corporate Insurance",Referral,5,93350.98,Recovered,False,4
ADM400578,PT22356,2024-01-19,Cardiology,"Coronary Artery Disease",76,Male,Self-Pay,Emergency,1,101913.53,Deceased,True,3
ADM307438,PT25118,2024-01-19,Orthopedics,"Joint Replacement",55,Female,"Government Scheme",Emergency,8,147790.17,Recovered,False,4
ADM302627,PT21859,2024-01-19,Emergency,Poisoning,69,Male,"Government Scheme",Elective,1,24982.49,Recovered,False,4
ADM300173,PT20136,2024-01-19,Orthopedics,"Joint Replacement",56,Male,"Government Scheme",Emergency,3,95667.55,Transferred,False,3
ADM300848,PT20472,2024-01-19,Neurology,"Parkinson's Disease",34,Male,"Corporate Insurance",Emergency,8,146643.87,Recovered,False,4
ADM308046,PT25484,2024-01-19,Nephrology,"Chronic Kidney Disease",36,Female,"Corporate Insurance",Referral,6,126458.71,Recovered,False,5
ADM311767,PT27997,2024-01-19,Cardiology,Arrhythmia,69,Female,"Government Scheme",Elective,5,114046.65,Recovered,False,5
ADM308160,PT25739,2024-01-19,Orthopedics,"Joint Replacement",81,Male,"Government Scheme",Emergency,6,172864.35,Recovered,False,4
ADM307267,PT24893,2024-01-19,Emergency,"Acute Abdomen",49,Female,"Private Insurance",Emergency,4,52055.95,Recovered,False,4
ADM305808,PT24109,2024-01-19,Emergency,Poisoning,78,Male,"Private Insurance",Referral,3,25789.27,Recovered,False,4
ADM310658,PT27497,2024-01-19,Pulmonology,COPD,84,Male,"Private Insurance",Emergency,7,74743.8,Recovered,False,1
ADM400213,PT26188,2024-01-19,Gynecology,C-Section,27,Female,"Private Insurance",Emergency,3,79200.84,Recovered,True,4
ADM305720,PT24039,2024-01-19,Orthopedics,"Joint Replacement",31,Female,"Private Insurance",Emergency,4,135427.04,Recovered,False,4
ADM306357,PT24493,2024-01-19,Cardiology,"Heart Failure",55,Male,"Private Insurance",Emergency,5,140682.62,Transferred,False,2
ADM400789,PT27724,2024-01-19,Nephrology,"Kidney Stones",73,Male,"Government Scheme",Emergency,7,87194.59,Recovered,True,3
ADM306051,PT24189,2024-01-19,Orthopedics,"Joint Replacement",27,Male,"Corporate Insurance",Elective,5,120701.78,Recovered,False,3
ADM307013,PT24832,2024-01-19,"General Medicine",Hypertension,54,Male,"Private Insurance",Emergency,2,30079.38,Recovered,False,5
ADM308357,PT25881,2024-01-19,Emergency,"Acute Abdomen",51,Male,"Corporate Insurance",Elective,1,24719.06,Recovered,False,5
ADM302891,PT22043,2024-01-19,Gynecology,PCOS,37,Male,"Private Insurance",Elective,3,48248.08,Recovered,False,4
ADM310304,PT27240,2024-01-19,Emergency,Poisoning,65,Male,"Corporate Insurance",Elective,4,49408.17,Recovered,False,1
ADM300535,PT20401,2024-01-19,Emergency,Poisoning,43,Male,"Government Scheme",Emergency,3,48463.33,Recovered,False,3
ADM304817,PT23198,2024-01-19,Pulmonology,Pneumonia,42,Female,"Government Scheme",Emergency,4,40677.95,Recovered,False,3
ADM306839,PT24827,2024-01-20,Cardiology,"Heart Failure",63,Female,"Private Insurance",Referral,4,69516.87,"Left Against Medical Advice",False,5
ADM300627,PT20394,2024-01-20,Emergency,"Acute Abdomen",34,Male,"Government Scheme",Elective,4,33976.39,Recovered,False,5
ADM310060,PT27065,2024-01-20,Orthopedics,"Spinal Disorder",95,Female,"Government Scheme",Emergency,4,109730.09,"Left Against Medical Advice",False,1
ADM306429,PT24546,2024-01-20,Nephrology,Dialysis,11,Female,"Corporate Insurance",Emergency,6,92791.54,Recovered,False,4
ADM305343,PT23778,2024-01-20,Orthopedics,"Sports Injury",51,Female,"Government Scheme",Emergency,14,214258.39,Recovered,False,4
ADM400905,PT28069,2024-01-20,Nephrology,Dialysis,52,Female,"Private Insurance",Emergency,5,102863.51,Recovered,True,3
ADM309643,PT26766,2024-01-20,Orthopedics,Fracture,24,Male,"Government Scheme",Elective,6,148805.78,Transferred,False,4
ADM307922,PT25572,2024-01-20,Pediatrics,"Respiratory Infection",7,Male,"Corporate Insurance",Elective,7,52427.61,Recovered,False,5
ADM311444,PT28053,2024-01-20,Cardiology,Hypertension,77,Female,"Corporate Insurance",Elective,1,80056.29,Recovered,False,2
ADM308511,PT25979,2024-01-20,Orthopedics,"Spinal Disorder",47,Female,Self-Pay,Emergency,6,160775.94,Recovered,False,5
ADM308509,PT25977,2024-01-20,Gynecology,"Normal Delivery",19,Male,Self-Pay,Referral,5,74837.07,Recovered,False,5
ADM304255,PT23014,2024-01-20,Pediatrics,Asthma,11,Female,"Government Scheme",Emergency,4,28840.92,"Left Against Medical Advice",False,2
ADM306372,PT24504,2024-01-20,Cardiology,"Heart Failure",53,Female,"Private Insurance",Emergency,4,146147.65,Recovered,False,5
ADM307537,PT25310,2024-01-20,Pulmonology,Pneumonia,70,Male,"Corporate Insurance",Emergency,3,64230.18,Recovered,False,5
ADM303869,PT22731,2024-01-20,Cardiology,"Coronary Artery Disease",52,Female,Self-Pay,Elective,5,145329.8,Recovered,False,3
ADM303797,PT22678,2024-01-20,Neurology,"Parkinson's Disease",39,Male,"Private Insurance",Emergency,3,61572.63,Recovered,False,5
ADM400895,PT26121,2024-01-20,Emergency,Trauma,51,Male,"Government Scheme",Emergency,1,42173.95,Recovered,True,3
ADM309114,PT26409,2024-01-20,Orthopedics,"Joint Replacement",47,Male,Self-Pay,Elective,10,143924.72,Transferred,False,1
ADM306991,PT24937,2024-01-20,Nephrology,UTI,51,Male,"Government Scheme",Emergency,2,74900.52,Recovered,False,3
ADM304521,PT22953,2024-01-20,Gynecology,"Menstrual Disorder",22,Male,"Private Insurance",Referral,1,62885.89,Recovered,False,4
ADM304188,PT22835,2024-01-21,Neurology,"Parkinson's Disease",58,Female,"Private Insurance",Emergency,12,106790.62,Recovered,False,4
ADM300125,PT20101,2024-01-21,Orthopedics,"Joint Replacement",42,Male,Self-Pay,Referral,8,107596.68,Recovered,False,5
ADM304337,PT22850,2024-01-21,"General Medicine","Viral Fever",48,Male,Self-Pay,Referral,4,39323.75,Recovered,False,2
ADM305961,PT24223,2024-01-21,Neurology,Migraine,55,Female,"Private Insurance",Referral,5,72732.95,Recovered,False,4
ADM300815,PT20606,2024-01-21,Oncology,"Breast Cancer",40,Female,Self-Pay,Emergency,13,242774.66,Recovered,False,5
ADM401286,PT24962,2024-01-21,Pediatrics,"Respiratory Infection",0,Male,"Corporate Insurance",Emergency,1,30777.02,Recovered,True,4
ADM400956,PT22469,2024-01-21,"General Medicine",Hypertension,49,Female,Self-Pay,Emergency,3,31475.62,Recovered,True,3
ADM311076,PT27789,2024-01-21,Pediatrics,Malnutrition,5,Female,"Government Scheme",Elective,5,46398.52,Recovered,False,3
ADM306970,PT24924,2024-01-21,Cardiology,"Heart Failure",31,Female,Self-Pay,Elective,2,92929.99,Recovered,False,3
ADM301528,PT21092,2024-01-21,"General Medicine","Diabetes Mellitus",37,Female,"Private Insurance",Elective,5,45577.24,Recovered,False,3
ADM307459,PT25255,2024-01-21,Neurology,Migraine,20,Female,"Corporate Insurance",Elective,5,113428.81,Transferred,False,5
ADM302219,PT21492,2024-01-21,Nephrology,"Kidney Stones",40,Male,"Government Scheme",Emergency,2,105293.59,Recovered,False,5
ADM300254,PT20198,2024-01-22,Pediatrics,"Respiratory Infection",6,Female,Self-Pay,Elective,4,43347.4,Recovered,False,3
ADM310932,PT27662,2024-01-22,"General Medicine","Diabetes Mellitus",8,Male,"Corporate Insurance",Emergency,5,31964.4,Recovered,False,4
ADM308856,PT26218,2024-01-22,Gynecology,C-Section,36,Male,Self-Pay,Referral,1,54560.55,Recovered,False,3
ADM305078,PT23500,2024-01-22,"General Medicine",Hypertension,65,Male,"Private Insurance",Emergency,3,39058.03,Recovered,False,5
ADM301212,PT20881,2024-01-22,Orthopedics,"Sports Injury",36,Female,Self-Pay,Emergency,6,170804.05,Recovered,False,2
ADM308373,PT25895,2024-01-22,"General Medicine",Gastroenteritis,74,Male,"Private Insurance",Emergency,4,47643.37,Transferred,False,4
ADM301416,PT20760,2024-01-22,Emergency,"Acute Abdomen",57,Male,"Government Scheme",Emergency,2,28098.23,Transferred,False,5
ADM304986,PT23534,2024-01-22,Neurology,Stroke,59,Female,"Private Insurance",Referral,7,122057.94,Recovered,False,4
ADM310097,PT26878,2024-01-22,Neurology,"Parkinson's Disease",61,Male,Self-Pay,Emergency,10,100037.02,Recovered,False,4
ADM309592,PT26727,2024-01-22,Cardiology,"Heart Failure",67,Female,"Government Scheme",Elective,6,152314.67,Recovered,False,5
ADM307998,PT25621,2024-01-22,Gynecology,"Normal Delivery",17,Female,"Government Scheme",Emergency,4,73062.07,Recovered,False,4
ADM300142,PT20113,2024-01-22,"General Medicine","Diabetes Mellitus",53,Female,"Government Scheme",Referral,1,41312.79,Recovered,False,5
ADM307017,PT24673,2024-01-22,Oncology,Leukemia,85,Male,"Government Scheme",Emergency,13,208402.82,Recovered,True,3
ADM303829,PT22703,2024-01-22,"General Medicine",Hypertension,56,Female,"Government Scheme",Emergency,1,44434,Recovered,False,4
ADM302093,PT21488,2024-01-22,Gynecology,"Normal Delivery",24,Male,"Corporate Insurance",Elective,4,37019.06,Recovered,False,4
ADM309962,PT26793,2024-01-23,Pulmonology,COPD,39,Female,Self-Pay,Emergency,5,56231.56,Transferred,False,4
ADM301024,PT20745,2024-01-23,Oncology,"Colon Cancer",55,Male,"Private Insurance",Emergency,10,289041.68,Recovered,False,5
ADM310547,PT27417,2024-01-23,Neurology,Migraine,72,Female,"Private Insurance",Elective,14,172132.41,Recovered,False,5
ADM310902,PT27671,2024-01-23,Cardiology,"Coronary Artery Disease",68,Male,"Corporate Insurance",Emergency,3,104184.89,Recovered,False,5
ADM309192,PT26462,2024-01-23,Pulmonology,Pneumonia,30,Male,"Government Scheme",Elective,4,46296.05,Recovered,False,5
ADM303191,PT22211,2024-01-23,"General Medicine",Hypertension,27,Male,"Government Scheme",Referral,2,41598.87,Recovered,False,4
ADM309563,PT26704,2024-01-23,Cardiology,Arrhythmia,11,Male,"Private Insurance",Referral,10,135348.18,Recovered,False,4
ADM311012,PT27742,2024-01-23,"General Medicine",Hypertension,87,Female,"Government Scheme",Elective,3,45222.17,Recovered,False,3
ADM306021,PT24261,2024-01-23,Cardiology,"Heart Failure",47,Female,Self-Pay,Elective,5,92289.41,Recovered,False,5
ADM308665,PT26095,2024-01-23,Emergency,"Acute Abdomen",25,Male,"Government Scheme",Elective,2,29198.11,Recovered,False,2
ADM311376,PT28001,2024-01-23,Neurology,"Parkinson's Disease",38,Female,"Private Insurance",Referral,2,59657.51,Recovered,False,5
ADM307800,PT25486,2024-01-23,Orthopedics,"Spinal Disorder",53,Male,Self-Pay,Emergency,7,105816.24,Recovered,False,5
ADM305218,PT23697,2024-01-23,Cardiology,Arrhythmia,41,Female,"Government Scheme",Emergency,6,133371.66,Recovered,False,5
ADM308746,PT25992,2024-01-23,Orthopedics,Fracture,52,Male,"Private Insurance",Elective,5,109515.41,Recovered,False,5
ADM305664,PT23893,2024-01-23,Nephrology,"Kidney Stones",56,Female,Self-Pay,Emergency,9,91611.98,Recovered,False,3
ADM308446,PT25778,2024-01-23,Emergency,"Acute Abdomen",24,Female,Self-Pay,Emergency,2,44074.63,Transferred,False,3
ADM301404,PT21005,2024-01-23,Orthopedics,"Sports Injury",44,Male,Self-Pay,Emergency,9,108546,Recovered,False,5
ADM301333,PT20733,2024-01-23,Emergency,"Acute Abdomen",56,Male,"Corporate Insurance",Referral,2,38883.24,Recovered,False,1
ADM306167,PT24355,2024-01-23,Cardiology,Arrhythmia,76,Female,"Private Insurance",Emergency,3,134633.45,Recovered,False,2
ADM302357,PT21403,2024-01-24,Gynecology,"Menstrual Disorder",23,Male,Self-Pay,Emergency,4,66854.09,Recovered,False,2
ADM310796,PT27592,2024-01-24,"General Medicine","Diabetes Mellitus",51,Male,Self-Pay,Emergency,1,44966.76,Recovered,False,4
ADM311260,PT27843,2024-01-24,Pediatrics,"Respiratory Infection",9,Female,"Government Scheme",Emergency,3,27796.85,Transferred,False,4
ADM308325,PT25831,2024-01-24,Orthopedics,"Sports Injury",73,Male,"Government Scheme",Emergency,7,176309.16,Recovered,False,4
ADM308308,PT25852,2024-01-24,Oncology,"Lung Cancer",45,Male,"Government Scheme",Emergency,8,238606.04,Recovered,False,3
ADM300935,PT20687,2024-01-24,Pediatrics,"Respiratory Infection",16,Male,"Government Scheme",Emergency,3,43299.39,Recovered,False,3
ADM311400,PT27802,2024-01-24,Orthopedics,"Spinal Disorder",51,Male,"Private Insurance",Emergency,9,149264.59,Recovered,False,5
ADM401063,PT20827,2024-01-24,Pulmonology,COPD,33,Male,"Government Scheme",Emergency,1,43502.97,Recovered,True,2
ADM400739,PT24656,2024-01-24,"General Medicine","Viral Fever",37,Female,"Corporate Insurance",Emergency,4,52305.03,Recovered,True,3
ADM302322,PT21564,2024-01-24,Pediatrics,Malnutrition,2,Female,"Corporate Insurance",Emergency,4,29370.07,Recovered,False,5
ADM310435,PT27338,2024-01-24,Orthopedics,"Sports Injury",43,Male,"Private Insurance",Emergency,1,93698.35,Recovered,False,4
ADM305501,PT23892,2024-01-24,"General Medicine",Gastroenteritis,35,Male,"Private Insurance",Elective,1,48904.92,Recovered,False,2
ADM301963,PT21362,2024-01-24,"General Medicine",Gastroenteritis,30,Female,"Government Scheme",Elective,5,59082.13,Recovered,False,5
ADM308687,PT26108,2024-01-24,Orthopedics,"Spinal Disorder",95,Female,"Corporate Insurance",Emergency,7,120552.12,Recovered,False,5
ADM311555,PT28131,2024-01-24,Pediatrics,Malnutrition,0,Male,"Private Insurance",Elective,3,45631.07,Recovered,False,5
ADM309949,PT26980,2024-01-24,Orthopedics,"Spinal Disorder",13,Male,"Government Scheme",Emergency,6,175919.55,Recovered,False,3
ADM309860,PT26915,2024-01-24,Cardiology,Hypertension,0,Male,Self-Pay,Emergency,5,75838.43,Recovered,False,4
ADM304043,PT22857,2024-01-24,Neurology,Stroke,65,Female,"Government Scheme",Emergency,7,130209.27,Recovered,False,5
ADM400533,PT22850,2024-01-24,"General Medicine","Viral Fever",48,Male,Self-Pay,Emergency,4,38434.41,Recovered,True,2
ADM307053,PT24978,2024-01-25,Orthopedics,"Spinal Disorder",17,Male,"Government Scheme",Emergency,6,106881.7,Recovered,False,2
ADM306761,PT24779,2024-01-25,Neurology,"Parkinson's Disease",68,Female,Self-Pay,Elective,5,139580.02,Recovered,False,2
ADM310133,PT27117,2024-01-25,Oncology,"Breast Cancer",31,Male,"Corporate Insurance",Emergency,3,225160.03,Recovered,False,3
ADM306751,PT24764,2024-01-25,Orthopedics,Fracture,60,Female,"Government Scheme",Referral,6,157277.42,Recovered,True,5
ADM308426,PT25818,2024-01-25,"General Medicine",Hypertension,63,Male,"Corporate Insurance",Elective,1,53237.86,Recovered,False,1
ADM300332,PT20053,2024-01-25,Pulmonology,Tuberculosis,43,Female,"Private Insurance",Emergency,8,62285.58,Recovered,False,5
ADM401232,PT20770,2024-01-25,Cardiology,Hypertension,95,Male,"Private Insurance",Emergency,1,61848.49,Recovered,True,5
ADM305694,PT24022,2024-01-25,Orthopedics,"Sports Injury",92,Male,"Government Scheme",Emergency,8,155888.3,Recovered,False,3
ADM306157,PT24347,2024-01-25,Oncology,"Breast Cancer",52,Female,"Government Scheme",Emergency,17,343621.74,Recovered,False,5
ADM302154,PT21528,2024-01-25,Emergency,"Acute Abdomen",31,Female,"Government Scheme",Referral,3,42895.91,Recovered,False,5
ADM311802,PT28147,2024-01-25,"General Medicine","Diabetes Mellitus",41,Male,"Government Scheme",Emergency,7,52527.97,Recovered,False,3
ADM307527,PT25303,2024-01-25,Neurology,"Parkinson's Disease",21,Male,Self-Pay,Emergency,6,131559.26,Recovered,False,2
ADM309718,PT26619,2024-01-25,Emergency,Trauma,60,Female,Self-Pay,Referral,3,40507.43,Recovered,False,4
ADM308039,PT25650,2024-01-25,Orthopedics,"Sports Injury",46,Male,Self-Pay,Emergency,6,142576.62,Recovered,False,5
ADM311638,PT28187,2024-01-25,Emergency,Trauma,53,Female,"Corporate Insurance",Emergency,2,43242.5,Recovered,False,4
ADM301998,PT21212,2024-01-25,Pediatrics,"Viral Fever",17,Male,Self-Pay,Emergency,3,28831.62,Recovered,False,5
ADM300214,PT20171,2024-01-25,"General Medicine","Viral Fever",49,Female,"Private Insurance",Emergency,2,38797.63,Recovered,False,4
ADM304362,PT22894,2024-01-25,Orthopedics,"Sports Injury",45,Female,"Private Insurance",Emergency,5,93039.63,Recovered,False,2
ADM300510,PT20374,2024-01-25,Gynecology,"Normal Delivery",36,Female,"Private Insurance",Emergency,6,54223.27,Recovered,False,5
ADM307836,PT25353,2024-01-25,Cardiology,Arrhythmia,29,Male,"Private Insurance",Referral,4,96035.18,"Left Against Medical Advice",False,4
ADM310875,PT27651,2024-01-25,Cardiology,"Heart Failure",31,Male,"Private Insurance",Emergency,3,121748.49,Recovered,False,5
ADM303716,PT22617,2024-01-25,Cardiology,Hypertension,15,Male,"Corporate Insurance",Elective,9,159654.03,"Left Against Medical Advice",False,5
ADM308755,PT26149,2024-01-25,Pediatrics,Malnutrition,8,Female,"Private Insurance",Emergency,4,33816.3,Recovered,False,3
ADM311847,PT28095,2024-01-26,Emergency,"Accident Injury",63,Female,"Private Insurance",Referral,4,47416.16,Recovered,False,5
ADM400857,PT22600,2024-01-26,Emergency,Trauma,34,Female,Self-Pay,Emergency,2,31382.73,Recovered,True,4
ADM305397,PT23822,2024-01-26,Orthopedics,"Joint Replacement",37,Male,"Corporate Insurance",Emergency,7,121424.81,Recovered,False,5
ADM311951,PT28402,2024-01-26,"General Medicine",Hypertension,56,Male,"Private Insurance",Referral,3,36526.37,Recovered,False,5
ADM311966,PT28412,2024-01-26,Cardiology,"Coronary Artery Disease",22,Male,"Private Insurance",Referral,7,89914.33,Recovered,False,3
ADM303073,PT22167,2024-01-26,Orthopedics,"Joint Replacement",62,Female,"Corporate Insurance",Emergency,8,145147.07,Recovered,False,2
ADM301544,PT21104,2024-01-26,Pediatrics,"Respiratory Infection",8,Male,"Government Scheme",Elective,1,22183.83,Recovered,False,5
ADM304294,PT23003,2024-01-26,Gynecology,C-Section,32,Male,"Private Insurance",Elective,1,51265.35,Recovered,False,4
ADM305348,PT23712,2024-01-26,Pediatrics,"Respiratory Infection",0,Female,"Private Insurance",Emergency,4,46661.85,Recovered,False,3
ADM300092,PT20079,2024-01-26,Emergency,"Acute Abdomen",27,Female,"Private Insurance",Emergency,6,38228.36,Recovered,False,4
ADM301195,PT20869,2024-01-26,Oncology,"Colon Cancer",58,Female,"Government Scheme",Elective,8,158871.84,Recovered,False,5
ADM306415,PT24534,2024-01-26,Pediatrics,Asthma,8,Male,"Private Insurance",Emergency,5,29677,Recovered,False,3
ADM304758,PT23382,2024-01-26,Emergency,Trauma,30,Female,"Government Scheme",Referral,4,30823.56,Transferred,False,3
ADM311875,PT28278,2024-01-26,Emergency,Poisoning,89,Male,"Corporate Insurance",Elective,2,41751.95,Recovered,False,4
ADM310034,PT27047,2024-01-26,Emergency,"Accident Injury",18,Female,"Corporate Insurance",Referral,1,33162.24,"Left Against Medical Advice",False,4
ADM308132,PT25720,2024-01-27,Pediatrics,"Viral Fever",3,Male,"Government Scheme",Elective,4,28644.41,Recovered,False,5
ADM310945,PT27622,2024-01-27,Emergency,"Acute Abdomen",56,Male,"Private Insurance",Referral,6,37355.37,Recovered,False,1
ADM308928,PT26268,2024-01-27,"General Medicine",Gastroenteritis,59,Male,"Private Insurance",Elective,2,35382.41,Recovered,False,3
ADM400157,PT25621,2024-01-27,Gynecology,"Normal Delivery",17,Female,"Government Scheme",Emergency,3,66955.84,Recovered,True,4
ADM306792,PT24796,2024-01-27,Cardiology,"Coronary Artery Disease",32,Female,"Private Insurance",Referral,4,140296.85,Recovered,False,2
ADM305829,PT24128,2024-01-27,Emergency,"Acute Abdomen",43,Male,"Private Insurance",Emergency,1,29930.87,Recovered,False,3
ADM307318,PT25115,2024-01-27,Neurology,Epilepsy,60,Male,"Corporate Insurance",Elective,5,101695.78,Recovered,False,4
ADM311862,PT28347,2024-01-27,Emergency,Trauma,56,Male,"Private Insurance",Emergency,1,25217.87,Recovered,False,5
ADM305672,PT23709,2024-01-27,Nephrology,Dialysis,48,Male,Self-Pay,Emergency,2,63377.43,Recovered,False,5
ADM305955,PT24218,2024-01-27,Pediatrics,Malnutrition,3,Male,"Private Insurance",Emergency,4,43539.76,Recovered,False,3
ADM300618,PT20459,2024-01-27,Cardiology,"Heart Failure",25,Male,Self-Pay,Emergency,6,150602.51,Recovered,False,3
ADM305442,PT23854,2024-01-27,Orthopedics,"Sports Injury",64,Female,Self-Pay,Elective,9,113834.97,Recovered,False,4
ADM301681,PT21204,2024-01-27,Orthopedics,"Spinal Disorder",28,Male,"Corporate Insurance",Emergency,4,123821.63,Recovered,False,5
ADM310865,PT27644,2024-01-27,Emergency,Poisoning,34,Female,"Corporate Insurance",Referral,1,46091.59,Recovered,False,4
ADM303681,PT22595,2024-01-27,Oncology,"Colon Cancer",75,Female,Self-Pay,Emergency,7,202507.77,Recovered,False,3
ADM302836,PT22003,2024-01-27,Pediatrics,Malnutrition,0,Male,"Private Insurance",Elective,2,42000.44,Recovered,False,5
ADM400879,PT27666,2024-01-27,"General Medicine","Viral Fever",32,Male,"Private Insurance",Emergency,3,35987.01,Recovered,True,3
ADM302347,PT21669,2024-01-27,"General Medicine",Hypertension,51,Female,"Government Scheme",Emergency,3,56832.8,Recovered,False,4
ADM307714,PT25423,2024-01-27,Orthopedics,"Joint Replacement",79,Female,"Private Insurance",Referral,7,145081.59,Recovered,False,4
ADM301848,PT21319,2024-01-27,"General Medicine","Diabetes Mellitus",39,Male,Self-Pay,Elective,3,52102.86,Transferred,False,4
ADM307894,PT25550,2024-01-27,Gynecology,PCOS,28,Male,"Government Scheme",Elective,2,55086.14,Recovered,False,4
ADM305770,PT23924,2024-01-28,Emergency,Poisoning,19,Male,"Private Insurance",Referral,2,50071.89,Recovered,False,5
ADM309877,PT26644,2024-01-28,Neurology,Epilepsy,23,Female,"Government Scheme",Elective,1,78996.39,Recovered,False,3
ADM300752,PT20558,2024-01-28,"General Medicine",Hypertension,26,Male,"Private Insurance",Referral,1,37220.56,Recovered,False,5
ADM302025,PT21245,2024-01-28,Emergency,"Acute Abdomen",62,Female,"Government Scheme",Referral,6,52364.8,Recovered,False,5
ADM301287,PT20661,2024-01-28,Oncology,"Colon Cancer",64,Male,"Corporate Insurance",Referral,7,191565.67,Recovered,False,5
ADM303211,PT22270,2024-01-28,Nephrology,"Chronic Kidney Disease",47,Male,Self-Pay,Emergency,2,97382.27,Recovered,False,4
ADM311774,PT28283,2024-01-28,"General Medicine",Gastroenteritis,68,Female,"Government Scheme",Elective,6,36355.06,Recovered,False,4
ADM300757,PT20562,2024-01-28,Pediatrics,Malnutrition,17,Female,"Private Insurance",Emergency,4,40223.51,Recovered,False,5
ADM304409,PT23133,2024-01-28,"General Medicine","Diabetes Mellitus",41,Male,Self-Pay,Emergency,9,44385.19,Recovered,False,5
ADM304717,PT23355,2024-01-28,Pediatrics,Asthma,17,Male,Self-Pay,Elective,3,30068.09,Recovered,False,5
ADM308879,PT26232,2024-01-28,Pulmonology,COPD,41,Male,"Government Scheme",Elective,3,61715.54,Recovered,False,4
ADM306501,PT24597,2024-01-28,"General Medicine",Gastroenteritis,78,Female,"Private Insurance",Emergency,4,35633.25,Recovered,False,5
ADM300145,PT20115,2024-01-28,Cardiology,Arrhythmia,53,Female,"Corporate Insurance",Emergency,7,91170.2,Recovered,False,5
ADM304913,PT23486,2024-01-28,Neurology,"Parkinson's Disease",58,Male,"Private Insurance",Emergency,8,116221.81,Recovered,False,5
ADM308735,PT25845,2024-01-28,Oncology,"Lung Cancer",60,Female,"Government Scheme",Emergency,7,140553.46,Recovered,False,3
ADM306715,PT24728,2024-01-28,Neurology,"Parkinson's Disease",0,Male,"Private Insurance",Emergency,12,169871.79,Recovered,False,5
ADM311199,PT27670,2024-01-28,"General Medicine",Hypertension,56,Female,"Private Insurance",Referral,1,27260.49,Recovered,False,5
ADM400313,PT21761,2024-01-28,Orthopedics,"Spinal Disorder",56,Female,"Private Insurance",Emergency,12,152362.48,Recovered,True,2
ADM304992,PT23540,2024-01-28,Emergency,Poisoning,56,Female,Self-Pay,Emergency,2,39612.52,Recovered,False,4
ADM303524,PT22484,2024-01-29,Gynecology,"Normal Delivery",27,Female,"Private Insurance",Elective,5,66127.11,Transferred,False,5
ADM300793,PT20591,2024-01-29,Pediatrics,Asthma,1,Female,"Government Scheme",Elective,5,34041.16,Recovered,False,5
ADM304576,PT23255,2024-01-29,Orthopedics,Fracture,62,Female,"Private Insurance",Elective,8,167976.94,Recovered,False,5
ADM305004,PT23546,2024-01-29,Pediatrics,"Viral Fever",13,Male,"Corporate Insurance",Elective,5,43651.39,Recovered,False,4
ADM308832,PT26203,2024-01-29,Gynecology,C-Section,22,Female,"Private Insurance",Emergency,4,77820.2,Recovered,False,4
ADM400334,PT20869,2024-01-29,Oncology,"Colon Cancer",58,Female,"Government Scheme",Emergency,7,136280.14,Recovered,True,4
ADM400144,PT23892,2024-01-29,"General Medicine",Gastroenteritis,35,Male,"Private Insurance",Emergency,1,52182.62,Transferred,True,4
ADM302251,PT21598,2024-01-29,Neurology,Epilepsy,30,Female,"Corporate Insurance",Elective,3,74753.15,Recovered,False,1
ADM311263,PT27729,2024-01-29,Cardiology,Hypertension,61,Male,"Government Scheme",Emergency,7,77892.34,Recovered,False,5
ADM302699,PT21667,2024-01-29,Neurology,Epilepsy,71,Male,"Private Insurance",Emergency,7,107549.02,Recovered,False,2
ADM301387,PT20992,2024-01-29,Orthopedics,"Spinal Disorder",81,Male,"Private Insurance",Emergency,7,107745.82,Recovered,False,4
ADM303844,PT22714,2024-01-29,Oncology,"Lung Cancer",47,Female,"Private Insurance",Elective,6,220241.71,Recovered,False,4
ADM301938,PT21377,2024-01-29,Orthopedics,"Joint Replacement",30,Male,"Corporate Insurance",Emergency,10,130131.73,Recovered,False,5
ADM302805,PT21979,2024-01-29,Emergency,Trauma,88,Female,Self-Pay,Emergency,4,35975.67,Recovered,False,5
ADM306629,PT24395,2024-01-29,Pediatrics,"Respiratory Infection",0,Male,"Corporate Insurance",Emergency,3,28368.31,Recovered,False,5
ADM400763,PT27031,2024-01-29,Neurology,Epilepsy,50,Male,"Corporate Insurance",Emergency,4,98190.28,Recovered,True,2
ADM400304,PT23915,2024-01-29,Neurology,Stroke,59,Female,"Government Scheme",Emergency,3,82707.36,Recovered,True,3
ADM300293,PT20228,2024-01-29,Emergency,"Accident Injury",60,Male,"Government Scheme",Elective,4,50466.05,Recovered,False,1
ADM308467,PT25841,2024-01-29,"General Medicine",Gastroenteritis,38,Female,Self-Pay,Elective,5,53404.52,Transferred,False,4
ADM308448,PT25939,2024-01-29,Oncology,"Lung Cancer",28,Male,"Government Scheme",Elective,12,186742.75,Recovered,False,3
ADM311723,PT28246,2024-01-29,"General Medicine",Gastroenteritis,51,Male,"Private Insurance",Emergency,3,55012.97,Recovered,False,2
ADM305885,PT23919,2024-01-30,Emergency,Poisoning,7,Male,"Private Insurance",Elective,2,46109,"Left Against Medical Advice",False,4
ADM301975,PT21266,2024-01-30,Oncology,"Breast Cancer",4,Female,"Corporate Insurance",Elective,4,160515.96,Recovered,False,4
ADM310300,PT27237,2024-01-30,"General Medicine","Viral Fever",34,Female,"Government Scheme",Emergency,5,47090.49,Recovered,False,3
ADM305559,PT23930,2024-01-30,"General Medicine","Diabetes Mellitus",54,Male,"Government Scheme",Elective,3,57673.68,Recovered,False,5
ADM306390,PT24507,2024-01-30,Emergency,Poisoning,47,Male,"Corporate Insurance",Elective,3,27032.96,Recovered,False,3
ADM304288,PT23038,2024-01-30,Pediatrics,Malnutrition,4,Male,"Private Insurance",Emergency,1,31017.05,Transferred,False,4
ADM300304,PT20239,2024-01-30,Gynecology,PCOS,37,Female,"Corporate Insurance",Elective,4,63272.09,Recovered,False,4
ADM306695,PT24735,2024-01-30,Cardiology,Hypertension,65,Male,"Government Scheme",Referral,7,77868.51,Recovered,False,5
ADM301551,PT20890,2024-01-30,Oncology,"Lung Cancer",77,Male,"Corporate Insurance",Emergency,8,291079.11,Recovered,False,1
ADM302974,PT22100,2024-01-30,Orthopedics,"Spinal Disorder",50,Male,"Private Insurance",Elective,6,124824.96,Recovered,False,5
ADM300426,PT20321,2024-01-30,Emergency,"Accident Injury",74,Female,"Corporate Insurance",Referral,2,27463.17,Recovered,False,4
ADM307554,PT25319,2024-01-30,Emergency,Trauma,55,Male,"Private Insurance",Emergency,1,46590.38,Recovered,False,5
ADM310256,PT27206,2024-01-30,Pediatrics,Malnutrition,9,Male,"Private Insurance",Referral,1,27206.18,Recovered,False,2
ADM310344,PT27270,2024-01-30,Pulmonology,COPD,59,Male,"Government Scheme",Referral,6,75977.01,Recovered,False,4
ADM306914,PT24882,2024-01-30,"General Medicine",Hypertension,41,Female,"Corporate Insurance",Emergency,3,38303.36,Recovered,False,4
ADM309720,PT26652,2024-01-30,Orthopedics,"Sports Injury",50,Female,"Corporate Insurance",Emergency,6,109412.1,Recovered,False,4
ADM305637,PT23818,2024-01-30,Orthopedics,"Sports Injury",40,Male,"Government Scheme",Elective,10,113470.46,Recovered,False,3
ADM401226,PT25134,2024-01-30,Oncology,"Breast Cancer",34,Male,"Private Insurance",Emergency,7,160124.82,Recovered,True,4
ADM310066,PT27050,2024-01-30,Orthopedics,Fracture,31,Male,Self-Pay,Emergency,6,130030.47,Recovered,False,4
ADM310172,PT27149,2024-01-30,Cardiology,"Coronary Artery Disease",49,Female,"Government Scheme",Referral,4,69862.39,Recovered,False,5
ADM308896,PT26244,2024-01-30,Nephrology,"Kidney Stones",36,Female,"Government Scheme",Referral,5,119126.81,Recovered,False,3
ADM300709,PT20525,2024-01-30,"General Medicine","Diabetes Mellitus",45,Male,"Corporate Insurance",Emergency,1,36870.37,Recovered,False,5
ADM303980,PT22807,2024-01-30,"General Medicine","Viral Fever",68,Female,"Government Scheme",Elective,4,33047.45,Recovered,False,3
ADM306473,PT24579,2024-01-30,Emergency,"Accident Injury",63,Female,"Corporate Insurance",Referral,1,34907.4,Recovered,False,5
ADM302618,PT21852,2024-01-30,Gynecology,"Menstrual Disorder",22,Male,"Corporate Insurance",Referral,2,64775.28,Recovered,False,2
ADM305151,PT23650,2024-01-31,Oncology,"Lung Cancer",38,Male,"Corporate Insurance",Elective,11,294656.63,Recovered,False,4
ADM302012,PT21431,2024-01-31,Emergency,"Accident Injury",65,Male,"Private Insurance",Emergency,2,34584.68,Recovered,False,4
ADM310936,PT27696,2024-01-31,Cardiology,Hypertension,37,Male,"Government Scheme",Emergency,4,135879.17,Recovered,False,1
ADM301434,PT21024,2024-01-31,Oncology,"Colon Cancer",69,Female,"Private Insurance",Emergency,9,302429.75,Recovered,False,5
ADM304598,PT23272,2024-01-31,Gynecology,C-Section,28,Male,"Government Scheme",Emergency,7,77562.04,Recovered,False,4
ADM400262,PT26573,2024-01-31,Oncology,"Lung Cancer",25,Male,"Government Scheme",Emergency,11,112577.2,Recovered,True,4
ADM310032,PT26854,2024-01-31,Oncology,Leukemia,59,Male,"Private Insurance",Emergency,3,236737.52,Recovered,False,5
ADM301102,PT20600,2024-01-31,Neurology,Migraine,32,Male,"Private Insurance",Referral,6,141967.45,"Left Against Medical Advice",False,3
ADM308237,PT25794,2024-01-31,Gynecology,"Normal Delivery",28,Male,Self-Pay,Emergency,3,51778.72,Recovered,False,4
ADM306427,PT24544,2024-01-31,Pediatrics,"Viral Fever",13,Male,"Private Insurance",Emergency,2,40602.15,Recovered,False,5
ADM300976,PT20715,2024-02-01,Neurology,Stroke,0,Male,"Government Scheme",Referral,1,115873.17,Recovered,False,4
ADM301941,PT21379,2024-02-01,Cardiology,Hypertension,19,Male,"Government Scheme",Emergency,10,147648.23,Recovered,False,4
ADM311139,PT27833,2024-02-01,Emergency,Trauma,81,Male,Self-Pay,Elective,3,34508.16,Transferred,False,2
ADM311716,PT28241,2024-02-01,Emergency,"Acute Abdomen",76,Female,Self-Pay,Emergency,1,36303.5,Recovered,False,4
ADM311244,PT27816,2024-02-01,Emergency,"Accident Injury",31,Male,"Private Insurance",Elective,2,32294.93,Recovered,False,2
ADM311748,PT28263,2024-02-01,Cardiology,Arrhythmia,66,Female,"Government Scheme",Elective,11,151373.92,Recovered,False,4
ADM310233,PT27190,2024-02-01,Gynecology,"Menstrual Disorder",42,Male,"Private Insurance",Elective,6,76039.15,Recovered,False,4
ADM306857,PT24839,2024-02-01,Emergency,Trauma,54,Male,Self-Pay,Emergency,3,42805.58,Recovered,False,4
ADM400430,PT26766,2024-02-01,Orthopedics,Fracture,24,Male,"Government Scheme",Emergency,5,161001.04,Recovered,True,2
ADM400016,PT27497,2024-02-01,"General Medicine","Diabetes Mellitus",50,Female,"Government Scheme",Emergency,2,41331.26,Deceased,True,5
ADM400002,PT24984,2024-02-01,Orthopedics,"Joint Replacement",47,Male,"Government Scheme",Emergency,6,156616.78,Recovered,True,2
ADM301277,PT20925,2024-02-01,Gynecology,PCOS,22,Male,"Private Insurance",Emergency,9,69420.27,Recovered,False,5
ADM302155,PT21529,2024-02-01,Cardiology,"Heart Failure",48,Female,"Private Insurance",Emergency,4,84497.97,Recovered,False,5
ADM308469,PT25845,2024-02-01,Oncology,"Colon Cancer",8,Male,"Corporate Insurance",Referral,8,250046.9,Recovered,False,4
ADM311056,PT27773,2024-02-01,Gynecology,PCOS,24,Male,"Government Scheme",Elective,6,59131.17,Recovered,False,2
ADM308727,PT26133,2024-02-01,Emergency,Poisoning,57,Female,"Government Scheme",Emergency,2,43160.1,Recovered,False,5
ADM308851,PT25932,2024-02-01,Gynecology,"Menstrual Disorder",30,Male,Self-Pay,Elective,8,70975.24,Recovered,False,3
ADM306533,PT24619,2024-02-01,Cardiology,Hypertension,35,Female,"Corporate Insurance",Referral,4,80441.47,Recovered,False,3
ADM310753,PT27559,2024-02-01,"General Medicine",Hypertension,56,Male,Self-Pay,Elective,3,50958.07,Recovered,False,5
ADM309286,PT26517,2024-02-01,"General Medicine",Hypertension,53,Female,"Private Insurance",Emergency,5,31406.61,Recovered,False,3
ADM300597,PT20443,2024-02-01,Neurology,Stroke,71,Female,"Private Insurance",Elective,4,72170.85,Recovered,False,1
ADM308642,PT26002,2024-02-01,Pulmonology,COPD,52,Male,"Corporate Insurance",Elective,1,42586.32,Transferred,False,4
ADM311447,PT28055,2024-02-01,Pediatrics,Asthma,6,Female,Self-Pay,Referral,1,37567.47,Recovered,False,4
ADM304450,PT23165,2024-02-01,Cardiology,Hypertension,5,Female,"Private Insurance",Emergency,4,112708.07,Recovered,False,5
ADM301920,PT21295,2024-02-01,Orthopedics,"Sports Injury",62,Female,"Government Scheme",Emergency,6,104395.07,Recovered,False,4
ADM300847,PT20626,2024-02-01,"General Medicine",Gastroenteritis,52,Female,"Government Scheme",Elective,1,36506.04,Recovered,False,5
ADM300334,PT20257,2024-02-01,"General Medicine","Diabetes Mellitus",67,Female,"Private Insurance",Referral,9,55838.19,Recovered,False,3
ADM300810,PT20375,2024-02-02,"General Medicine",Gastroenteritis,95,Male,"Government Scheme",Elective,5,60716.4,Recovered,False,4
ADM304242,PT23003,2024-02-02,"General Medicine",Hypertension,70,Male,"Private Insurance",Elective,1,40254.15,Recovered,False,5
ADM308934,PT26274,2024-02-02,Nephrology,Dialysis,76,Male,Self-Pay,Emergency,5,69376.84,Recovered,False,4
ADM303312,PT22339,2024-02-02,Emergency,"Accident Injury",62,Male,"Corporate Insurance",Emergency,6,46783.45,Recovered,False,5
ADM310732,PT27443,2024-02-02,Cardiology,Arrhythmia,46,Male,"Private Insurance",Emergency,5,73002.12,Recovered,False,3
ADM300262,PT20203,2024-02-02,Emergency,Poisoning,26,Female,"Corporate Insurance",Emergency,3,39702.05,Recovered,False,4
ADM302597,PT21801,2024-02-02,Nephrology,Dialysis,42,Male,"Government Scheme",Elective,10,86344.7,Recovered,False,3
ADM301261,PT20914,2024-02-02,Oncology,"Lung Cancer",19,Female,"Corporate Insurance",Emergency,10,237675.06,Recovered,False,5
ADM302418,PT21599,2024-02-02,Nephrology,"Chronic Kidney Disease",31,Female,"Private Insurance",Referral,4,92852.48,Recovered,False,5
ADM305038,PT23570,2024-02-02,"General Medicine",Gastroenteritis,67,Male,"Private Insurance",Emergency,6,57991.01,Recovered,False,4
ADM300292,PT20227,2024-02-02,Emergency,Trauma,54,Female,"Private Insurance",Emergency,5,28148.59,Recovered,False,1
ADM309230,PT26480,2024-02-02,Orthopedics,"Sports Injury",92,Female,Self-Pay,Elective,5,150022.09,Recovered,False,5
ADM301136,PT20826,2024-02-02,Nephrology,UTI,54,Male,Self-Pay,Emergency,9,84402.64,Recovered,False,1
ADM308391,PT25720,2024-02-02,Cardiology,"Heart Failure",39,Male,"Private Insurance",Emergency,5,110727.21,Recovered,True,5
ADM300062,PT20030,2024-02-02,"General Medicine",Gastroenteritis,79,Female,Self-Pay,Emergency,3,45917.12,Recovered,False,2
ADM306114,PT24321,2024-02-02,Pulmonology,Tuberculosis,46,Female,"Corporate Insurance",Emergency,1,52849.7,Recovered,False,4
ADM311416,PT28031,2024-02-02,Oncology,"Breast Cancer",53,Male,"Government Scheme",Referral,4,168491.49,Recovered,False,3
ADM307395,PT25212,2024-02-02,"General Medicine","Viral Fever",32,Female,"Private Insurance",Elective,7,57988.31,Recovered,False,5
ADM305398,PT23823,2024-02-02,Cardiology,"Heart Failure",43,Male,Self-Pay,Emergency,5,90015.27,Recovered,False,3
ADM304446,PT22991,2024-02-02,"General Medicine",Hypertension,4,Female,"Private Insurance",Referral,5,37041.95,Recovered,False,4
ADM310780,PT27580,2024-02-02,Neurology,Stroke,69,Female,"Government Scheme",Referral,6,139424.21,Transferred,False,2
ADM310198,PT27159,2024-02-02,Gynecology,"Normal Delivery",15,Male,"Government Scheme",Emergency,1,33506.2,Recovered,False,3
ADM302452,PT21737,2024-02-02,Neurology,"Parkinson's Disease",35,Male,"Private Insurance",Emergency,6,85931.73,Recovered,False,5
ADM305560,PT23931,2024-02-02,Pulmonology,Tuberculosis,28,Female,"Corporate Insurance",Elective,1,33605.38,Recovered,False,5
ADM302355,PT21675,2024-02-02,Pediatrics,"Respiratory Infection",15,Male,"Private Insurance",Elective,2,29332.62,Recovered,False,4
ADM306069,PT24292,2024-02-02,Cardiology,"Coronary Artery Disease",72,Male,"Government Scheme",Emergency,11,100538.6,Recovered,False,1
ADM310102,PT27095,2024-02-03,Orthopedics,"Sports Injury",63,Male,"Private Insurance",Emergency,10,166222.7,Recovered,False,1
ADM303994,PT22814,2024-02-03,Orthopedics,"Spinal Disorder",45,Male,"Government Scheme",Elective,4,156528.79,Transferred,False,2
ADM310202,PT27168,2024-02-03,Emergency,"Acute Abdomen",32,Female,"Corporate Insurance",Elective,2,50848.99,Recovered,False,1
ADM311820,PT28315,2024-02-03,"General Medicine","Diabetes Mellitus",37,Male,"Private Insurance",Referral,6,41079.85,Recovered,False,5
ADM307645,PT25379,2024-02-03,Nephrology,Dialysis,86,Female,"Private Insurance",Elective,4,116212.56,Recovered,False,2
ADM303398,PT22397,2024-02-03,Orthopedics,"Joint Replacement",37,Female,"Private Insurance",Emergency,8,180383.48,Recovered,False,1
ADM300993,PT20460,2024-02-03,Neurology,Migraine,79,Male,"Government Scheme",Elective,3,91868.17,Recovered,False,3
ADM400266,PT28197,2024-02-03,Gynecology,C-Section,30,Male,"Private Insurance",Emergency,3,35727.33,Recovered,True,1
ADM307811,PT25495,2024-02-03,"General Medicine","Viral Fever",48,Female,Self-Pay,Emergency,4,45434.48,Recovered,False,5
ADM305856,PT24149,2024-02-03,Pulmonology,Pneumonia,63,Male,Self-Pay,Emergency,5,55508.82,Recovered,False,4
ADM303289,PT22325,2024-02-03,Emergency,Poisoning,53,Female,"Corporate Insurance",Referral,2,26600.58,Recovered,False,4
ADM304950,PT23510,2024-02-03,Pediatrics,"Viral Fever",17,Female,Self-Pay,Emergency,2,39346.45,Recovered,False,5
ADM307048,PT24965,2024-02-03,Neurology,"Parkinson's Disease",47,Female,"Corporate Insurance",Elective,8,91814.3,Recovered,False,4
ADM311399,PT28018,2024-02-03,Nephrology,"Kidney Stones",0,Male,"Private Insurance",Emergency,12,128020.95,Recovered,False,3
ADM300639,PT20454,2024-02-03,Pulmonology,COPD,45,Female,"Government Scheme",Elective,5,59932.75,Recovered,False,5
ADM311433,PT28046,2024-02-03,Orthopedics,Fracture,68,Male,"Government Scheme",Elective,8,169947.15,Recovered,False,3
ADM305779,PT23891,2024-02-03,Cardiology,"Coronary Artery Disease",74,Female,"Private Insurance",Referral,9,150914.45,Recovered,False,5
ADM309236,PT26484,2024-02-03,Oncology,"Lung Cancer",53,Female,"Corporate Insurance",Emergency,10,279891.11,Recovered,False,4
ADM310091,PT27089,2024-02-04,Gynecology,C-Section,28,Female,"Private Insurance",Elective,4,76928.61,Recovered,False,4
ADM303017,PT22132,2024-02-04,Emergency,"Acute Abdomen",74,Male,Self-Pay,Emergency,3,28694.38,Recovered,False,3
ADM307763,PT25460,2024-02-04,Orthopedics,"Sports Injury",44,Male,"Government Scheme",Emergency,9,123023.67,Recovered,False,2
ADM304624,PT23294,2024-02-04,Cardiology,"Coronary Artery Disease",75,Female,Self-Pay,Elective,5,141883.62,Recovered,False,4
ADM301400,PT21001,2024-02-04,Cardiology,"Coronary Artery Disease",28,Male,Self-Pay,Elective,4,85653.32,Recovered,False,3
ADM305578,PT23674,2024-02-04,Nephrology,"Kidney Stones",75,Female,"Private Insurance",Elective,10,138119.21,Recovered,False,4
ADM308481,PT25959,2024-02-04,Emergency,"Acute Abdomen",57,Male,"Private Insurance",Emergency,3,30479.49,Recovered,False,3
ADM306773,PT24492,2024-02-04,Gynecology,"Normal Delivery",36,Female,"Government Scheme",Elective,6,68942.46,Recovered,False,3
ADM302153,PT21321,2024-02-04,"General Medicine","Diabetes Mellitus",24,Male,"Government Scheme",Elective,3,38090.25,Recovered,False,4
ADM304559,PT23036,2024-02-04,Nephrology,Dialysis,66,Male,"Government Scheme",Emergency,3,64055.62,Recovered,False,3
ADM304400,PT23127,2024-02-04,"General Medicine",Gastroenteritis,60,Male,"Corporate Insurance",Referral,5,38178.77,Recovered,False,5
ADM306018,PT24156,2024-02-04,Orthopedics,"Spinal Disorder",39,Male,"Government Scheme",Referral,9,166058.13,Recovered,False,5
ADM301973,PT21233,2024-02-04,Cardiology,"Heart Failure",90,Female,"Private Insurance",Elective,8,120225.98,Recovered,True,4
ADM311883,PT28159,2024-02-04,Gynecology,"Menstrual Disorder",37,Female,"Government Scheme",Emergency,3,65679.43,Recovered,True,4
ADM305308,PT23600,2024-02-04,Cardiology,Hypertension,41,Male,Self-Pay,Elective,8,147383.43,Recovered,False,4
ADM309828,PT26891,2024-02-04,Emergency,Poisoning,73,Female,"Government Scheme",Emergency,2,26195.55,Recovered,False,4
ADM306187,PT24371,2024-02-04,Emergency,Poisoning,61,Male,Self-Pay,Emergency,4,44027.18,Recovered,False,5
ADM300111,PT20092,2024-02-04,Cardiology,Hypertension,36,Male,"Private Insurance",Emergency,7,118244,Recovered,False,3
ADM302391,PT21693,2024-02-05,Neurology,"Parkinson's Disease",79,Female,"Corporate Insurance",Emergency,10,101418.38,Recovered,False,3
ADM300642,PT20364,2024-02-05,Orthopedics,"Sports Injury",17,Male,"Government Scheme",Referral,4,152794.28,Recovered,False,5
ADM306481,PT24554,2024-02-05,Pediatrics,Malnutrition,0,Female,"Government Scheme",Emergency,8,36287.85,Recovered,True,2
ADM308286,PT25744,2024-02-05,Emergency,"Accident Injury",40,Female,Self-Pay,Emergency,4,36643.29,Recovered,False,4
ADM310876,PT27652,2024-02-05,Pediatrics,"Respiratory Infection",0,Female,"Government Scheme",Elective,2,36926.28,Recovered,False,4
ADM308349,PT25874,2024-02-05,"General Medicine","Diabetes Mellitus",40,Female,"Corporate Insurance",Elective,5,29962.44,Recovered,False,5
ADM305661,PT24002,2024-02-05,"General Medicine",Gastroenteritis,37,Male,"Private Insurance",Emergency,4,42701.13,Recovered,False,5
ADM308334,PT25833,2024-02-05,Pediatrics,Asthma,15,Male,"Government Scheme",Emergency,1,28457.98,Recovered,False,5
ADM310894,PT27493,2024-02-05,Emergency,"Acute Abdomen",27,Female,"Government Scheme",Elective,3,25560.04,Recovered,False,5
ADM300251,PT20196,2024-02-05,Gynecology,"Normal Delivery",32,Male,"Private Insurance",Emergency,2,53221.22,Recovered,False,3
ADM304635,PT23204,2024-02-05,Emergency,Trauma,48,Female,"Government Scheme",Emergency,2,38100.56,Recovered,False,5
ADM300901,PT20588,2024-02-05,Pediatrics,"Viral Fever",6,Male,"Corporate Insurance",Elective,3,43378.79,Recovered,False,4
ADM302147,PT21383,2024-02-05,Pediatrics,"Viral Fever",8,Male,"Government Scheme",Elective,2,37978.84,Recovered,False,3
ADM300712,PT20249,2024-02-05,Emergency,"Accident Injury",32,Male,"Corporate Insurance",Elective,4,41651.7,Transferred,False,4
ADM400258,PT22652,2024-02-05,Cardiology,Hypertension,32,Male,"Private Insurance",Emergency,2,102590.98,Recovered,True,4
ADM308220,PT25503,2024-02-05,Cardiology,Hypertension,30,Female,Self-Pay,Elective,16,193387.46,Recovered,False,5
ADM305814,PT24115,2024-02-05,Emergency,Poisoning,20,Female,"Private Insurance",Elective,3,50605.65,Recovered,False,4
ADM307755,PT25453,2024-02-05,"General Medicine","Viral Fever",18,Female,"Private Insurance",Referral,5,46435.21,Recovered,False,4
ADM307212,PT24935,2024-02-05,Orthopedics,"Spinal Disorder",26,Male,"Government Scheme",Elective,5,166969.93,Recovered,False,5
ADM310942,PT27700,2024-02-05,Oncology,"Colon Cancer",70,Female,Self-Pay,Referral,9,262666.64,Recovered,False,4
ADM401071,PT20053,2024-02-05,Pulmonology,Tuberculosis,43,Female,"Private Insurance",Emergency,6,58586.28,Recovered,True,2
ADM303115,PT22198,2024-02-05,Oncology,"Breast Cancer",54,Female,"Government Scheme",Emergency,10,261852.74,Transferred,False,4
ADM306065,PT24140,2024-02-05,"General Medicine","Diabetes Mellitus",95,Male,"Government Scheme",Elective,2,43069.95,Recovered,False,5
ADM309827,PT26890,2024-02-05,Emergency,"Accident Injury",46,Male,"Government Scheme",Emergency,5,37555.74,Recovered,False,5
ADM307033,PT24756,2024-02-06,Oncology,"Colon Cancer",41,Female,"Private Insurance",Emergency,11,234441.07,Transferred,False,5
ADM400051,PT25895,2024-02-06,"General Medicine",Gastroenteritis,74,Male,"Private Insurance",Emergency,2,39639.94,Recovered,True,2
ADM311527,PT28114,2024-02-06,Emergency,"Acute Abdomen",37,Female,Self-Pay,Elective,3,44301.09,Recovered,False,4
ADM303906,PT22568,2024-02-06,Neurology,Stroke,20,Female,"Private Insurance",Elective,7,72967.94,Recovered,False,4
ADM310752,PT27272,2024-02-06,Orthopedics,"Spinal Disorder",45,Female,"Corporate Insurance",Emergency,10,196223.55,Recovered,False,3
ADM309119,PT26412,2024-02-06,Pediatrics,"Viral Fever",2,Male,Self-Pay,Elective,1,41451.91,Recovered,False,4
ADM400355,PT28062,2024-02-06,Gynecology,"Normal Delivery",27,Male,"Corporate Insurance",Emergency,11,56692.46,Recovered,True,2
ADM308291,PT25838,2024-02-06,Pulmonology,Tuberculosis,56,Female,Self-Pay,Emergency,6,50343.02,Recovered,False,3
ADM302968,PT22097,2024-02-06,Oncology,Leukemia,43,Male,"Government Scheme",Elective,8,225183.08,Recovered,False,5
ADM303068,PT22024,2024-02-06,Gynecology,PCOS,30,Male,"Private Insurance",Emergency,1,69443.92,Recovered,False,5
ADM300271,PT20175,2024-02-06,Pediatrics,Malnutrition,14,Male,Self-Pay,Emergency,4,26966.88,Recovered,False,4
ADM311115,PT27817,2024-02-06,Cardiology,Hypertension,58,Female,"Government Scheme",Elective,4,70781.56,Recovered,False,2
ADM310369,PT27291,2024-02-06,Pediatrics,Malnutrition,7,Female,"Government Scheme",Elective,5,28653.85,Transferred,False,5
ADM302687,PT21900,2024-02-06,"General Medicine",Gastroenteritis,25,Female,"Corporate Insurance",Emergency,4,55798.35,Recovered,False,1
ADM305077,PT23593,2024-02-06,"General Medicine",Gastroenteritis,75,Male,"Government Scheme",Elective,2,28914.37,Recovered,False,5
ADM308072,PT25673,2024-02-06,Emergency,"Acute Abdomen",15,Male,"Private Insurance",Referral,4,42347.71,Recovered,False,3
ADM310305,PT27241,2024-02-06,Neurology,Migraine,21,Male,"Government Scheme",Emergency,11,102692.19,Recovered,False,4
ADM303960,PT22795,2024-02-06,Neurology,Epilepsy,30,Male,"Private Insurance",Emergency,6,110853.45,Recovered,False,4
ADM308709,PT26123,2024-02-06,Orthopedics,"Joint Replacement",20,Female,"Private Insurance",Elective,6,97341.06,Recovered,False,4
ADM303552,PT22214,2024-02-06,Pediatrics,Malnutrition,5,Female,"Private Insurance",Elective,6,36963.72,Recovered,False,3
ADM400166,PT21564,2024-02-06,Pediatrics,Malnutrition,2,Female,"Corporate Insurance",Emergency,4,25437.95,Recovered,True,1
ADM302644,PT21868,2024-02-06,Emergency,Poisoning,59,Male,"Private Insurance",Referral,2,27722.17,Recovered,False,3
ADM300700,PT20518,2024-02-06,"General Medicine","Viral Fever",48,Male,"Government Scheme",Elective,1,43313.09,Recovered,False,5
ADM302027,PT21440,2024-02-06,"General Medicine",Gastroenteritis,59,Female,"Private Insurance",Emergency,4,31849.63,Recovered,False,5
ADM301313,PT20946,2024-02-07,"General Medicine","Diabetes Mellitus",6,Male,"Government Scheme",Elective,4,60216.32,Recovered,False,5
ADM309009,PT26335,2024-02-07,Neurology,Epilepsy,0,Male,"Government Scheme",Elective,4,89704.61,Recovered,False,1
ADM400952,PT24675,2024-02-07,Pediatrics,Malnutrition,3,Male,"Private Insurance",Emergency,3,41684.04,Recovered,True,2
ADM309069,PT26373,2024-02-07,Cardiology,Hypertension,50,Male,"Corporate Insurance",Emergency,3,105631.51,Transferred,False,3
ADM311203,PT27882,2024-02-07,Neurology,Stroke,8,Male,"Private Insurance",Elective,11,134016.46,Recovered,False,3
ADM309074,PT26376,2024-02-07,Pediatrics,Malnutrition,4,Male,"Private Insurance",Elective,1,30016.49,Recovered,False,5
ADM309105,PT26402,2024-02-07,"General Medicine",Hypertension,26,Male,"Private Insurance",Emergency,2,45230.39,Recovered,False,2
ADM306758,PT24712,2024-02-07,Oncology,Leukemia,41,Female,Self-Pay,Elective,7,211181.33,Recovered,False,3
ADM305712,PT23797,2024-02-07,Cardiology,Hypertension,17,Female,"Private Insurance",Referral,6,79791.62,Recovered,False,5
ADM302351,PT21523,2024-02-07,"General Medicine",Hypertension,60,Male,"Corporate Insurance",Elective,6,59736.1,Recovered,False,3
ADM306250,PT24415,2024-02-07,Orthopedics,"Spinal Disorder",11,Male,"Private Insurance",Emergency,5,148531.91,Recovered,False,3
ADM401012,PT22595,2024-02-07,Oncology,"Colon Cancer",75,Female,Self-Pay,Emergency,7,211887.27,Recovered,True,4
ADM301241,PT20794,2024-02-07,Gynecology,PCOS,19,Male,"Government Scheme",Elective,3,64423.1,Recovered,False,5
ADM307690,PT25406,2024-02-07,Orthopedics,"Spinal Disorder",57,Female,Self-Pay,Elective,5,138482.24,Recovered,False,4
ADM308566,PT26016,2024-02-07,Pediatrics,"Respiratory Infection",7,Female,"Private Insurance",Emergency,2,21353.27,Recovered,False,3
ADM311362,PT27990,2024-02-07,Oncology,"Lung Cancer",37,Male,"Private Insurance",Elective,10,232201.15,Recovered,False,4
ADM308889,PT26240,2024-02-07,Nephrology,UTI,43,Male,"Private Insurance",Referral,5,92044.44,Recovered,False,3
ADM300201,PT20160,2024-02-07,Pulmonology,COPD,33,Female,Self-Pay,Emergency,3,37998.46,Transferred,False,3
ADM311456,PT28063,2024-02-07,Oncology,"Lung Cancer",36,Male,"Private Insurance",Elective,7,265027.27,Transferred,False,1
ADM303905,PT22756,2024-02-07,Oncology,"Breast Cancer",21,Female,Self-Pay,Elective,16,297889.92,Recovered,False,3
ADM301926,PT21205,2024-02-07,Neurology,Epilepsy,52,Female,"Private Insurance",Elective,9,88604,Recovered,False,3
ADM311696,PT28226,2024-02-08,Pulmonology,COPD,67,Male,"Government Scheme",Elective,2,59263.67,Recovered,False,4
ADM400171,PT28053,2024-02-08,Cardiology,Hypertension,77,Female,"Corporate Insurance",Emergency,1,77733.78,Recovered,True,3
ADM302612,PT21848,2024-02-08,Cardiology,"Coronary Artery Disease",20,Female,"Government Scheme",Elective,3,97022.94,Recovered,False,1
ADM303169,PT22008,2024-02-08,"General Medicine",Hypertension,63,Male,"Private Insurance",Referral,4,29615,Recovered,False,5
ADM311523,PT27940,2024-02-08,Gynecology,C-Section,43,Female,Self-Pay,Elective,5,72553.06,Recovered,False,3
ADM301347,PT20964,2024-02-08,Neurology,Epilepsy,65,Female,Self-Pay,Referral,9,84741.48,Recovered,False,3
ADM400641,PT20745,2024-02-08,Oncology,"Colon Cancer",55,Male,"Private Insurance",Emergency,6,265653.94,Recovered,True,3
ADM307619,PT25275,2024-02-08,Neurology,Stroke,70,Female,"Corporate Insurance",Emergency,8,127973.04,Recovered,False,4
ADM305516,PT23903,2024-02-08,Neurology,Epilepsy,35,Female,"Private Insurance",Elective,4,80904.84,Recovered,False,4
ADM307620,PT25365,2024-02-08,Pediatrics,"Respiratory Infection",2,Female,"Private Insurance",Elective,6,27818.68,Recovered,False,5
ADM307583,PT25338,2024-02-08,Pediatrics,Asthma,8,Female,Self-Pay,Emergency,2,38647.12,Recovered,False,2
ADM305409,PT23830,2024-02-08,Neurology,Migraine,47,Male,"Government Scheme",Emergency,7,147950.85,Recovered,False,4
ADM309887,PT26829,2024-02-08,Emergency,"Accident Injury",62,Male,"Government Scheme",Elective,2,43929.41,Recovered,False,3
ADM300641,PT20336,2024-02-08,Emergency,Poisoning,35,Female,"Private Insurance",Elective,1,46383.76,Recovered,False,3
ADM306154,PT24327,2024-02-08,Emergency,"Acute Abdomen",42,Female,"Private Insurance",Elective,4,44012.08,Recovered,False,3
ADM309826,PT26889,2024-02-08,"General Medicine",Gastroenteritis,66,Male,"Government Scheme",Emergency,3,31699.53,Recovered,False,4
ADM300665,PT20491,2024-02-08,Pediatrics,Asthma,14,Female,"Government Scheme",Emergency,4,28623.56,Recovered,False,1
ADM306973,PT24801,2024-02-08,Nephrology,"Kidney Stones",44,Male,"Private Insurance",Emergency,9,91257.32,Recovered,False,4
ADM307821,PT25504,2024-02-08,Emergency,"Acute Abdomen",68,Female,"Corporate Insurance",Emergency,1,37527.32,Recovered,False,2
ADM311790,PT28093,2024-02-09,Pediatrics,"Respiratory Infection",7,Female,"Private Insurance",Referral,5,48229.94,Recovered,False,5
ADM306995,PT24939,2024-02-09,Pediatrics,"Respiratory Infection",0,Female,"Government Scheme",Elective,3,46516.73,Recovered,False,5
ADM304530,PT23224,2024-02-09,Pediatrics,"Viral Fever",14,Female,"Government Scheme",Emergency,6,38909.61,Recovered,False,4
ADM301535,PT21098,2024-02-09,Gynecology,PCOS,15,Male,Self-Pay,Elective,4,43660.2,Recovered,False,4
ADM306565,PT24643,2024-02-09,Neurology,Stroke,81,Female,"Government Scheme",Emergency,11,163642.76,Recovered,False,5
ADM305844,PT24141,2024-02-09,"General Medicine",Gastroenteritis,49,Male,"Government Scheme",Elective,1,34092.6,Recovered,False,4
ADM311238,PT27907,2024-02-09,Orthopedics,"Spinal Disorder",30,Male,Self-Pay,Referral,5,99734.92,Recovered,False,4
ADM311952,PT28403,2024-02-09,Neurology,Migraine,74,Female,"Government Scheme",Elective,6,104403.15,Recovered,False,4
ADM307722,PT25428,2024-02-09,"General Medicine",Hypertension,48,Male,"Government Scheme",Emergency,3,57638.45,Recovered,False,5
ADM301128,PT20560,2024-02-09,Pediatrics,Malnutrition,6,Female,"Government Scheme",Elective,6,37192.38,Recovered,False,5
ADM301266,PT20874,2024-02-09,Pediatrics,"Viral Fever",8,Male,"Government Scheme",Elective,4,26885.32,Recovered,False,4
ADM311795,PT28219,2024-02-09,Oncology,Leukemia,34,Female,"Government Scheme",Emergency,7,151295.16,Recovered,False,4
ADM303148,PT22222,2024-02-09,Orthopedics,Fracture,53,Female,"Corporate Insurance",Elective,12,133396.75,Recovered,False,4
ADM300148,PT20118,2024-02-09,Pediatrics,Asthma,9,Female,"Private Insurance",Emergency,2,32346.48,Recovered,False,2
ADM306202,PT24337,2024-02-09,Cardiology,Hypertension,39,Female,"Government Scheme",Elective,3,87428.62,Recovered,False,1
ADM308884,PT26236,2024-02-09,"General Medicine","Viral Fever",65,Male,Self-Pay,Emergency,2,49556.29,Recovered,False,4
ADM300975,PT20420,2024-02-09,Nephrology,Dialysis,40,Male,Self-Pay,Elective,8,117918.48,Transferred,False,5
ADM306195,PT24378,2024-02-09,Gynecology,"Menstrual Disorder",32,Female,"Private Insurance",Elective,2,35123.76,Recovered,False,4
ADM307332,PT25164,2024-02-09,Nephrology,"Kidney Stones",76,Male,"Government Scheme",Elective,8,78048.44,Recovered,False,3
ADM305092,PT23604,2024-02-09,Gynecology,PCOS,15,Male,"Private Insurance",Elective,2,66355.57,Recovered,False,4
ADM302026,PT21439,2024-02-09,Neurology,Migraine,28,Female,"Private Insurance",Emergency,6,69039.61,Recovered,False,2
ADM310890,PT27664,2024-02-09,Emergency,"Acute Abdomen",48,Female,"Private Insurance",Emergency,4,37669.98,Recovered,False,4
ADM307394,PT25211,2024-02-09,"General Medicine","Viral Fever",40,Male,Self-Pay,Elective,5,52674.37,Recovered,False,4
ADM305824,PT24125,2024-02-10,Neurology,Migraine,53,Female,"Private Insurance",Emergency,6,111785.94,Recovered,False,5
ADM311242,PT27789,2024-02-10,"General Medicine",Hypertension,27,Male,"Private Insurance",Elective,4,32834.18,Recovered,False,5
ADM300843,PT20505,2024-02-10,Cardiology,Hypertension,71,Female,"Government Scheme",Emergency,8,161478.91,Recovered,False,4
ADM305546,PT23765,2024-02-10,Oncology,Leukemia,52,Male,"Government Scheme",Elective,12,289093.51,Recovered,False,5
ADM303752,PT22647,2024-02-10,Neurology,Stroke,67,Female,"Private Insurance",Emergency,8,99711.43,Recovered,False,1
ADM304997,PT23543,2024-02-10,"General Medicine","Viral Fever",54,Female,Self-Pay,Elective,4,36044.68,Recovered,False,5
ADM310207,PT27171,2024-02-10,"General Medicine",Gastroenteritis,27,Male,"Private Insurance",Elective,3,52572.39,Recovered,False,4
ADM304303,PT23049,2024-02-10,Orthopedics,"Sports Injury",47,Female,"Corporate Insurance",Emergency,6,145362.15,Recovered,False,1
ADM400714,PT23534,2024-02-10,Neurology,Stroke,59,Female,"Private Insurance",Emergency,5,97989.35,Recovered,True,1
ADM301932,PT21373,2024-02-10,Oncology,"Breast Cancer",86,Male,"Private Insurance",Elective,5,197566.68,Recovered,False,4
ADM303297,PT22331,2024-02-10,Emergency,"Acute Abdomen",32,Female,"Private Insurance",Elective,1,34484.65,Recovered,False,5
ADM311967,PT28413,2024-02-10,Gynecology,C-Section,24,Female,Self-Pay,Referral,3,50742.07,Recovered,False,3
ADM305608,PT23965,2024-02-10,"General Medicine",Gastroenteritis,79,Male,"Corporate Insurance",Elective,6,48713.61,Recovered,False,3
ADM309664,PT26671,2024-02-10,Gynecology,C-Section,36,Female,Self-Pay,Elective,5,56593.98,Recovered,False,4
ADM400721,PT20101,2024-02-10,Orthopedics,"Joint Replacement",42,Male,Self-Pay,Emergency,4,75536.69,Recovered,True,4
ADM301580,PT21135,2024-02-10,"General Medicine",Hypertension,27,Male,"Government Scheme",Elective,2,44760.11,Recovered,False,4
ADM306893,PT24867,2024-02-10,Gynecology,PCOS,35,Female,"Private Insurance",Referral,5,77042.88,Recovered,False,4
ADM300013,PT20014,2024-02-10,Orthopedics,"Sports Injury",71,Male,"Private Insurance",Elective,5,139040.29,Recovered,False,4
ADM306643,PT24655,2024-02-10,Cardiology,Hypertension,65,Male,Self-Pay,Emergency,9,103711.44,Recovered,False,5
ADM303897,PT22749,2024-02-10,Orthopedics,"Joint Replacement",85,Male,"Private Insurance",Emergency,8,128842.55,Recovered,False,5
ADM309829,PT26700,2024-02-10,Oncology,"Lung Cancer",43,Male,"Corporate Insurance",Emergency,15,240076.29,Recovered,False,2
ADM307501,PT25284,2024-02-10,Orthopedics,"Joint Replacement",51,Female,Self-Pay,Elective,13,190922.41,Recovered,False,3
ADM306612,PT24678,2024-02-10,Oncology,"Colon Cancer",67,Female,"Private Insurance",Elective,12,257080.45,Recovered,False,3
ADM304734,PT23365,2024-02-10,Oncology,"Breast Cancer",36,Female,"Corporate Insurance",Referral,9,178333.11,Transferred,False,1
ADM311814,PT28311,2024-02-10,Nephrology,Dialysis,56,Female,"Private Insurance",Emergency,5,83770.21,Recovered,False,5
ADM310757,PT27563,2024-02-10,"General Medicine",Hypertension,76,Male,"Government Scheme",Elective,3,37891.18,Recovered,False,2
ADM311832,PT28325,2024-02-10,Emergency,Trauma,41,Male,"Government Scheme",Elective,3,44648.92,Recovered,False,4
ADM300801,PT20559,2024-02-10,Pulmonology,COPD,94,Female,"Government Scheme",Elective,5,42908.98,Recovered,False,5
ADM301750,PT21254,2024-02-10,Orthopedics,Fracture,36,Female,"Private Insurance",Emergency,8,150770.19,Recovered,False,5
ADM310862,PT27641,2024-02-11,Pediatrics,"Respiratory Infection",6,Male,"Corporate Insurance",Emergency,4,46438.17,Recovered,False,2
ADM300598,PT20444,2024-02-11,Emergency,"Accident Injury",33,Male,"Government Scheme",Emergency,1,41836.08,Recovered,False,5
ADM310373,PT27210,2024-02-11,Cardiology,Hypertension,21,Male,"Corporate Insurance",Elective,8,105296.93,Recovered,False,4
ADM309318,PT26538,2024-02-11,Oncology,"Breast Cancer",30,Male,"Private Insurance",Emergency,14,191181.72,Recovered,False,5
ADM301549,PT21108,2024-02-11,"General Medicine",Gastroenteritis,39,Male,Self-Pay,Emergency,4,46060.19,Recovered,False,4
ADM305120,PT23624,2024-02-11,Pediatrics,Malnutrition,2,Female,"Private Insurance",Elective,5,28789.19,Recovered,False,3
ADM400422,PT20196,2024-02-11,Gynecology,"Normal Delivery",32,Male,"Private Insurance",Emergency,1,40345.49,Recovered,True,3
ADM307474,PT25263,2024-02-11,Pediatrics,"Respiratory Infection",5,Male,"Private Insurance",Elective,1,27794.79,Recovered,False,5
ADM302348,PT21670,2024-02-11,Orthopedics,"Joint Replacement",27,Male,"Government Scheme",Elective,9,119573,Transferred,False,4
ADM301057,PT20769,2024-02-11,Cardiology,Hypertension,67,Female,"Government Scheme",Emergency,6,75534.15,Recovered,False,5
ADM305385,PT23815,2024-02-11,Gynecology,"Menstrual Disorder",38,Male,Self-Pay,Elective,2,35191.95,Recovered,False,3
ADM301188,PT20865,2024-02-11,Emergency,Poisoning,8,Female,"Private Insurance",Emergency,3,33132.41,Recovered,False,5
ADM305832,PT24131,2024-02-11,Emergency,Trauma,32,Female,"Private Insurance",Emergency,3,36473.56,Recovered,False,4
ADM305937,PT24206,2024-02-11,Emergency,Trauma,36,Female,"Government Scheme",Emergency,3,42521.13,Recovered,False,3
ADM310001,PT27021,2024-02-11,Emergency,"Acute Abdomen",49,Female,Self-Pay,Elective,2,43208.01,Recovered,False,2
ADM400589,PT23712,2024-02-11,Pediatrics,"Respiratory Infection",0,Female,"Private Insurance",Emergency,4,37983.54,Recovered,True,2
ADM310217,PT27178,2024-02-11,"General Medicine",Gastroenteritis,54,Female,Self-Pay,Elective,3,37568.57,Recovered,False,5
ADM303391,PT22392,2024-02-11,Emergency,Trauma,70,Male,Self-Pay,Elective,1,32794.34,Recovered,False,5
ADM307121,PT24786,2024-02-11,Cardiology,"Coronary Artery Disease",42,Female,"Private Insurance",Emergency,6,129955.94,"Left Against Medical Advice",False,4
ADM303885,PT22741,2024-02-11,Gynecology,PCOS,31,Female,"Private Insurance",Elective,2,58447.73,Recovered,False,5
ADM301293,PT20932,2024-02-12,"General Medicine","Diabetes Mellitus",64,Male,Self-Pay,Elective,3,48294.49,Recovered,False,2
ADM300100,PT20085,2024-02-12,Cardiology,Arrhythmia,58,Female,"Private Insurance",Emergency,5,122137.5,Recovered,False,3
ADM305323,PT23772,2024-02-12,Orthopedics,Fracture,28,Female,"Corporate Insurance",Elective,7,178797.88,Recovered,False,5
ADM400314,PT25827,2024-02-12,"General Medicine",Gastroenteritis,10,Male,"Corporate Insurance",Emergency,1,53557.3,Recovered,True,5
ADM305788,PT24093,2024-02-12,Gynecology,C-Section,15,Female,"Government Scheme",Elective,3,66677.73,Recovered,False,5
ADM401046,PT23003,2024-02-12,Gynecology,C-Section,32,Male,"Private Insurance",Emergency,1,49477.61,Recovered,True,4
ADM310562,PT27428,2024-02-12,Orthopedics,"Joint Replacement",84,Male,"Private Insurance",Emergency,6,138094.15,Recovered,False,4
ADM302062,PT21466,2024-02-12,Neurology,Stroke,14,Male,Self-Pay,Emergency,10,122499.79,Recovered,False,2
ADM303988,PT22811,2024-02-12,Pediatrics,Malnutrition,11,Male,"Corporate Insurance",Emergency,2,29141.65,Recovered,False,5
ADM309380,PT26513,2024-02-12,Pediatrics,Asthma,10,Female,Self-Pay,Emergency,1,32411.31,Recovered,False,3
ADM400678,PT21900,2024-02-12,"General Medicine",Gastroenteritis,25,Female,"Corporate Insurance",Emergency,3,54006.98,Recovered,True,2
ADM311131,PT27827,2024-02-12,Oncology,"Breast Cancer",46,Male,Self-Pay,Elective,9,163005.03,Recovered,False,4
ADM303891,PT22745,2024-02-12,Nephrology,"Chronic Kidney Disease",40,Male,Self-Pay,Elective,6,66621.57,Recovered,False,5
ADM307291,PT25136,2024-02-12,Orthopedics,"Sports Injury",43,Male,"Private Insurance",Emergency,4,88273.15,Recovered,False,5
ADM310694,PT27367,2024-02-12,Orthopedics,"Sports Injury",34,Female,"Private Insurance",Referral,4,85682.09,Recovered,False,5
ADM400063,PT26868,2024-02-12,Gynecology,C-Section,29,Male,"Private Insurance",Emergency,2,62123.56,Recovered,True,5
ADM302703,PT21729,2024-02-12,Pediatrics,"Viral Fever",7,Female,"Corporate Insurance",Elective,2,40962.47,Recovered,False,5
ADM400845,PT23714,2024-02-12,Pediatrics,Malnutrition,16,Male,"Private Insurance",Emergency,2,24988.24,Transferred,True,1
ADM309950,PT26981,2024-02-12,"General Medicine","Viral Fever",61,Male,"Government Scheme",Elective,5,54882.5,Recovered,False,4
ADM303531,PT22488,2024-02-13,Gynecology,"Menstrual Disorder",34,Male,"Private Insurance",Elective,2,50643.56,Recovered,False,5
ADM310546,PT27416,2024-02-13,Neurology,Migraine,63,Female,"Government Scheme",Emergency,5,114680.31,Recovered,False,4
ADM302795,PT21972,2024-02-13,Pulmonology,Tuberculosis,32,Female,"Private Insurance",Referral,2,55265.72,Recovered,False,1
ADM400836,PT27670,2024-02-13,"General Medicine",Hypertension,56,Female,"Private Insurance",Emergency,1,19970.12,Recovered,True,3
ADM309968,PT26992,2024-02-13,Cardiology,Hypertension,43,Male,Self-Pay,Emergency,3,117213.89,Recovered,False,4
ADM400237,PT24149,2024-02-13,Pulmonology,Pneumonia,63,Male,Self-Pay,Emergency,3,46456.5,Recovered,True,1
ADM303648,PT22411,2024-02-13,Emergency,"Accident Injury",69,Male,"Private Insurance",Emergency,2,35954.08,Recovered,False,4
ADM302667,PT21883,2024-02-13,"General Medicine","Viral Fever",0,Male,"Private Insurance",Emergency,2,30086.5,Recovered,False,5
ADM306047,PT24259,2024-02-13,Emergency,"Accident Injury",32,Male,"Government Scheme",Emergency,1,38773.09,Recovered,False,3
ADM309132,PT26345,2024-02-13,"General Medicine",Gastroenteritis,45,Female,"Corporate Insurance",Elective,5,56280.64,Recovered,False,1
ADM300750,PT20556,2024-02-13,Cardiology,Hypertension,39,Male,"Corporate Insurance",Emergency,8,165913.87,Recovered,False,5
ADM311047,PT27767,2024-02-13,Orthopedics,"Joint Replacement",67,Female,"Government Scheme",Emergency,6,95480.85,Recovered,False,4
ADM309854,PT26910,2024-02-13,"General Medicine","Viral Fever",70,Male,Self-Pay,Emergency,5,62640.79,Recovered,False,3
ADM304432,PT23151,2024-02-13,Orthopedics,"Sports Injury",64,Male,"Government Scheme",Elective,5,144287.11,Recovered,False,3
ADM308590,PT26031,2024-02-13,"General Medicine","Viral Fever",61,Female,"Private Insurance",Emergency,3,58283.22,Recovered,False,5
ADM300175,PT20021,2024-02-13,Neurology,Migraine,78,Female,"Government Scheme",Emergency,4,128170.35,Recovered,False,5
ADM301869,PT21334,2024-02-13,Pulmonology,COPD,48,Male,"Government Scheme",Elective,7,69413.63,Transferred,False,5
ADM305584,PT23947,2024-02-13,Cardiology,"Coronary Artery Disease",73,Male,"Corporate Insurance",Emergency,9,116484.6,Recovered,False,3
ADM310269,PT27120,2024-02-13,Orthopedics,"Spinal Disorder",31,Female,"Corporate Insurance",Elective,10,185348.8,Recovered,False,5
ADM400306,PT26462,2024-02-13,Pulmonology,Pneumonia,30,Male,"Government Scheme",Emergency,3,48631.25,Transferred,True,1
ADM300623,PT20464,2024-02-13,Gynecology,PCOS,26,Female,"Government Scheme",Emergency,4,62521.04,Recovered,False,5
ADM308430,PT25929,2024-02-13,Neurology,Migraine,21,Female,"Private Insurance",Elective,6,104265.84,Recovered,False,5
ADM310303,PT27239,2024-02-13,Pediatrics,Asthma,13,Female,"Corporate Insurance",Elective,4,41520.67,Recovered,False,5
ADM307736,PT25388,2024-02-13,"General Medicine",Gastroenteritis,53,Female,Self-Pay,Elective,2,29517.21,Recovered,False,2
ADM302217,PT21572,2024-02-14,Oncology,Leukemia,94,Female,"Government Scheme",Emergency,5,186144.25,Recovered,False,5
ADM310137,PT27121,2024-02-14,"General Medicine","Viral Fever",30,Male,"Private Insurance",Elective,3,53138.59,Recovered,False,4
ADM309922,PT26827,2024-02-14,Gynecology,"Menstrual Disorder",50,Male,"Private Insurance",Referral,5,65101.49,Recovered,False,2
ADM300007,PT20008,2024-02-14,Gynecology,"Menstrual Disorder",27,Male,Self-Pay,Elective,6,70304.08,Recovered,False,2
ADM302269,PT21569,2024-02-14,Neurology,Stroke,53,Female,"Private Insurance",Emergency,9,79924.38,Recovered,False,4
ADM301754,PT21238,2024-02-14,Cardiology,"Heart Failure",26,Female,"Corporate Insurance",Emergency,4,79549.84,Recovered,False,5
ADM310937,PT27564,2024-02-14,"General Medicine","Viral Fever",44,Female,"Corporate Insurance",Elective,7,64928.23,Transferred,False,1
ADM301256,PT20842,2024-02-14,Emergency,Poisoning,87,Female,"Private Insurance",Referral,7,29521.51,Recovered,False,3
ADM302215,PT21480,2024-02-14,Neurology,Epilepsy,52,Male,"Private Insurance",Emergency,7,130424.63,Recovered,False,4
ADM301180,PT20860,2024-02-14,"General Medicine",Hypertension,21,Male,"Corporate Insurance",Elective,3,52612.12,Recovered,False,5
ADM310140,PT27123,2024-02-14,Neurology,Epilepsy,40,Male,"Corporate Insurance",Emergency,6,89721.82,Recovered,False,2
ADM304230,PT22994,2024-02-14,Cardiology,"Coronary Artery Disease",56,Male,"Government Scheme",Emergency,3,104474.5,Recovered,False,4
ADM301147,PT20597,2024-02-14,Gynecology,"Menstrual Disorder",28,Female,"Private Insurance",Emergency,5,78426.93,Recovered,False,5
ADM401266,PT27671,2024-02-14,Cardiology,"Coronary Artery Disease",68,Male,"Corporate Insurance",Emergency,2,98386.51,Recovered,True,5
ADM305541,PT23670,2024-02-14,Cardiology,"Coronary Artery Disease",59,Male,"Private Insurance",Emergency,7,155736.56,Recovered,False,5
ADM307791,PT25479,2024-02-14,Emergency,Trauma,69,Male,"Corporate Insurance",Elective,1,35996.75,Recovered,False,5
ADM303185,PT22251,2024-02-14,Cardiology,"Heart Failure",38,Male,"Government Scheme",Referral,4,89872.22,Recovered,False,3
ADM310145,PT27127,2024-02-14,Pediatrics,"Viral Fever",5,Female,"Government Scheme",Emergency,3,31839.5,Recovered,False,3
ADM309046,PT26293,2024-02-14,"General Medicine",Hypertension,55,Male,"Private Insurance",Referral,4,40528.04,Recovered,False,3
ADM302819,PT21990,2024-02-14,Emergency,Trauma,37,Female,"Private Insurance",Emergency,1,33934.82,Recovered,False,2
ADM302832,PT22000,2024-02-14,"General Medicine",Gastroenteritis,67,Male,"Government Scheme",Referral,1,39067.68,Recovered,False,5
ADM300470,PT20193,2024-02-15,"General Medicine",Gastroenteritis,35,Male,"Government Scheme",Emergency,4,32391.37,Transferred,False,1
ADM308368,PT25617,2024-02-15,Gynecology,"Normal Delivery",37,Male,Self-Pay,Referral,5,69544.34,Recovered,False,4
ADM307117,PT24804,2024-02-15,Cardiology,Arrhythmia,70,Female,"Corporate Insurance",Elective,6,109018.49,Recovered,False,5
ADM304072,PT22662,2024-02-15,Orthopedics,"Joint Replacement",0,Male,"Private Insurance",Emergency,9,157946.95,Recovered,False,3
ADM301267,PT20918,2024-02-15,Gynecology,"Normal Delivery",31,Male,Self-Pay,Emergency,6,51273.11,Recovered,False,4
ADM306190,PT24374,2024-02-15,Cardiology,"Coronary Artery Disease",67,Female,"Private Insurance",Elective,8,157695.09,Recovered,False,5
ADM307431,PT25235,2024-02-15,Cardiology,"Heart Failure",59,Male,"Private Insurance",Elective,6,143262.03,Recovered,False,4
ADM300543,PT20405,2024-02-15,Pediatrics,"Viral Fever",5,Male,"Private Insurance",Emergency,5,38496.09,Recovered,False,5
ADM307159,PT24789,2024-02-15,Orthopedics,"Spinal Disorder",29,Female,"Private Insurance",Referral,1,112838.03,Recovered,False,2
ADM302202,PT21320,2024-02-15,"General Medicine",Hypertension,64,Male,Self-Pay,Emergency,4,42251.89,Recovered,False,1
ADM304718,PT23356,2024-02-15,Emergency,"Accident Injury",0,Male,Self-Pay,Elective,5,39395.22,Recovered,False,5
ADM309739,PT26669,2024-02-15,Neurology,Stroke,45,Female,"Government Scheme",Emergency,9,107836.17,Transferred,False,3
ADM309329,PT26542,2024-02-15,Orthopedics,"Spinal Disorder",70,Male,"Private Insurance",Elective,8,115580.71,"Left Against Medical Advice",False,4
ADM311240,PT27909,2024-02-15,Oncology,"Colon Cancer",52,Male,"Corporate Insurance",Emergency,16,368652.03,Recovered,False,5
ADM304399,PT23126,2024-02-15,Cardiology,Hypertension,38,Female,"Corporate Insurance",Emergency,5,117571.26,Transferred,False,3
ADM303981,PT22808,2024-02-15,Orthopedics,"Sports Injury",37,Female,"Government Scheme",Elective,4,156485.18,Transferred,False,4
ADM303972,PT22803,2024-02-15,Oncology,"Lung Cancer",60,Male,"Corporate Insurance",Referral,7,193155.7,Recovered,False,2
ADM309411,PT26596,2024-02-15,Nephrology,Dialysis,44,Male,"Corporate Insurance",Referral,6,96031.73,Recovered,False,4
ADM301408,PT21009,2024-02-15,Cardiology,Arrhythmia,46,Female,"Private Insurance",Elective,4,105271.57,Recovered,False,5
ADM304351,PT23087,2024-02-15,Cardiology,"Coronary Artery Disease",94,Male,Self-Pay,Emergency,6,76875.79,Recovered,False,5
ADM305550,PT23780,2024-02-15,Pediatrics,"Respiratory Infection",1,Female,"Government Scheme",Emergency,3,34207.47,Transferred,False,1
ADM304044,PT22858,2024-02-15,Orthopedics,"Joint Replacement",33,Female,"Private Insurance",Elective,7,129811.37,Recovered,False,2
ADM305914,PT24192,2024-02-15,"General Medicine",Hypertension,43,Male,"Government Scheme",Emergency,3,55949.07,Recovered,False,5
ADM301906,PT21219,2024-02-15,Cardiology,"Coronary Artery Disease",34,Female,"Government Scheme",Elective,11,178665.25,Recovered,False,4
ADM310136,PT27120,2024-02-15,Oncology,"Lung Cancer",43,Female,Self-Pay,Emergency,6,277684.78,Recovered,False,3
ADM307218,PT24815,2024-02-15,"General Medicine","Viral Fever",40,Male,"Government Scheme",Referral,2,44637.45,Recovered,False,4
ADM307806,PT25490,2024-02-15,Gynecology,"Normal Delivery",23,Male,Self-Pay,Emergency,5,64750.34,Recovered,False,5
ADM304268,PT23023,2024-02-15,Emergency,"Acute Abdomen",73,Male,"Corporate Insurance",Emergency,1,42241.61,Recovered,False,3
ADM311261,PT27919,2024-02-15,Pediatrics,"Respiratory Infection",6,Male,Self-Pay,Elective,5,24613.5,Recovered,False,4
ADM305087,PT23599,2024-02-16,Cardiology,Hypertension,32,Female,"Private Insurance",Referral,3,90648.54,Recovered,False,2
ADM307675,PT25307,2024-02-16,Oncology,"Colon Cancer",36,Female,"Corporate Insurance",Elective,11,251037.18,Recovered,False,4
ADM308538,PT25994,2024-02-16,Neurology,Migraine,27,Male,"Government Scheme",Referral,7,76635.42,Recovered,False,5
ADM311656,PT28202,2024-02-16,"General Medicine","Viral Fever",74,Male,Self-Pay,Referral,4,40833.59,Recovered,False,1
ADM308303,PT25793,2024-02-16,Emergency,Poisoning,71,Male,"Government Scheme",Elective,3,26430.23,Recovered,False,4
ADM302250,PT21597,2024-02-16,Neurology,"Parkinson's Disease",57,Female,"Private Insurance",Emergency,5,88364.62,Recovered,False,1
ADM308276,PT25828,2024-02-16,Pediatrics,Malnutrition,12,Female,"Government Scheme",Elective,4,29192.82,Recovered,False,5
ADM311492,PT28094,2024-02-16,Emergency,Trauma,0,Female,"Government Scheme",Emergency,3,26448.62,Recovered,False,3
ADM307719,PT25377,2024-02-16,"General Medicine","Diabetes Mellitus",46,Female,"Private Insurance",Emergency,2,35108.13,Recovered,False,4
ADM308927,PT26267,2024-02-16,Emergency,Trauma,26,Female,Self-Pay,Elective,3,48312.43,Recovered,False,3
ADM308843,PT26211,2024-02-16,Nephrology,Dialysis,32,Male,"Private Insurance",Elective,8,83020.67,Recovered,False,5
ADM305013,PT23546,2024-02-16,Emergency,"Accident Injury",50,Male,"Corporate Insurance",Elective,1,34047.94,Recovered,True,5
ADM307948,PT25591,2024-02-16,Cardiology,"Coronary Artery Disease",30,Female,"Government Scheme",Elective,3,127573.56,"Left Against Medical Advice",False,4
ADM308312,PT25781,2024-02-16,Pediatrics,Malnutrition,11,Male,"Corporate Insurance",Emergency,3,29136.24,Recovered,False,3
ADM300000,PT20001,2024-02-16,Gynecology,"Menstrual Disorder",41,Male,"Private Insurance",Emergency,3,38847.57,Recovered,False,4
ADM301276,PT20685,2024-02-16,Pediatrics,Asthma,0,Female,"Private Insurance",Emergency,5,26795.39,Recovered,False,5
ADM309862,PT26675,2024-02-16,"General Medicine",Gastroenteritis,58,Female,Self-Pay,Elective,1,35530.8,Recovered,False,4
ADM400487,PT27563,2024-02-16,"General Medicine",Hypertension,76,Male,"Government Scheme",Emergency,2,36126.81,Recovered,True,5
ADM303683,PT22596,2024-02-16,Emergency,Poisoning,58,Female,"Private Insurance",Elective,2,41895.31,Recovered,False,4
ADM401235,PT27239,2024-02-16,Pediatrics,Asthma,13,Female,"Corporate Insurance",Emergency,3,43462.77,Recovered,True,1
ADM303559,PT22510,2024-02-16,Emergency,Trauma,72,Male,"Government Scheme",Emergency,3,29918.87,Recovered,False,5
ADM300657,PT20217,2024-02-16,Gynecology,PCOS,21,Male,"Private Insurance",Elective,2,39751.35,Recovered,False,4
ADM303628,PT22560,2024-02-16,Pediatrics,Asthma,16,Female,"Government Scheme",Emergency,3,34963.29,Recovered,False,5
ADM310795,PT27591,2024-02-16,Orthopedics,"Spinal Disorder",40,Female,"Government Scheme",Emergency,8,138819.75,Recovered,False,3
ADM307729,PT25432,2024-02-17,Pediatrics,"Viral Fever",3,Male,"Private Insurance",Elective,1,26276.68,Recovered,False,4
ADM302929,PT22068,2024-02-17,Cardiology,Hypertension,14,Female,"Corporate Insurance",Emergency,2,127258.07,Recovered,False,4
ADM308608,PT26047,2024-02-17,Pediatrics,Asthma,5,Female,"Government Scheme",Emergency,3,31527.53,Recovered,False,5
ADM400730,PT23540,2024-02-17,Emergency,Poisoning,56,Female,Self-Pay,Emergency,1,32576.37,Recovered,True,4
ADM305948,PT24214,2024-02-17,Cardiology,"Coronary Artery Disease",52,Male,"Government Scheme",Elective,7,112676.19,Recovered,False,5
ADM400647,PT26700,2024-02-17,Oncology,"Lung Cancer",43,Male,"Corporate Insurance",Emergency,10,251958.13,Transferred,True,2
ADM305540,PT23915,2024-02-17,"General Medicine","Diabetes Mellitus",56,Male,"Corporate Insurance",Elective,4,42677.49,Recovered,False,4
ADM400141,PT20113,2024-02-17,"General Medicine","Diabetes Mellitus",53,Female,"Government Scheme",Emergency,1,42849.82,Recovered,True,1
ADM303518,PT22478,2024-02-17,Neurology,Epilepsy,22,Male,"Private Insurance",Emergency,8,144316.73,Recovered,False,4
ADM305899,PT24180,2024-02-17,Emergency,Trauma,35,Female,"Government Scheme",Emergency,4,32211.14,Recovered,False,4
ADM401161,PT22745,2024-02-17,Nephrology,"Chronic Kidney Disease",40,Male,Self-Pay,Emergency,3,56970.97,Recovered,True,3
ADM305495,PT23888,2024-02-17,"General Medicine","Viral Fever",94,Female,"Private Insurance",Elective,5,34655.36,Recovered,False,5
ADM309270,PT26505,2024-02-17,"General Medicine",Hypertension,53,Male,"Private Insurance",Emergency,5,44497.29,Recovered,False,5
ADM305490,PT23841,2024-02-17,"General Medicine","Diabetes Mellitus",78,Female,"Private Insurance",Elective,2,37888.8,Recovered,False,5
ADM305329,PT23775,2024-02-17,"General Medicine",Hypertension,16,Male,"Government Scheme",Elective,6,46283.33,Recovered,False,5
ADM304656,PT23314,2024-02-17,Cardiology,"Heart Failure",42,Male,"Private Insurance",Elective,2,78199.94,Recovered,False,5
ADM310179,PT27154,2024-02-17,Orthopedics,"Sports Injury",16,Male,"Private Insurance",Emergency,7,90684.09,Recovered,False,5
ADM308215,PT25779,2024-02-17,Nephrology,"Chronic Kidney Disease",52,Female,"Private Insurance",Elective,4,64739.39,Recovered,False,4
ADM400672,PT25495,2024-02-17,"General Medicine","Viral Fever",48,Female,Self-Pay,Emergency,2,46484.37,Recovered,True,4
ADM302228,PT21581,2024-02-17,Orthopedics,"Joint Replacement",62,Male,"Private Insurance",Elective,3,122480.28,Recovered,False,5
ADM401092,PT25164,2024-02-17,Nephrology,"Kidney Stones",76,Male,"Government Scheme",Emergency,4,56471.92,Recovered,True,4
ADM302844,PT22008,2024-02-17,Oncology,"Colon Cancer",53,Female,"Private Insurance",Elective,5,134367.41,Recovered,False,2
ADM311515,PT27860,2024-02-17,"General Medicine",Gastroenteritis,35,Male,Self-Pay,Emergency,7,48981.38,"Left Against Medical Advice",False,5
ADM304970,PT23346,2024-02-17,Emergency,Poisoning,18,Female,"Private Insurance",Emergency,1,47444.7,Recovered,False,2
ADM302842,PT21808,2024-02-17,Oncology,Leukemia,74,Male,"Corporate Insurance",Emergency,7,136043.75,Recovered,False,4
ADM301992,PT21415,2024-02-17,Gynecology,C-Section,35,Male,"Corporate Insurance",Referral,2,52971.87,Recovered,False,3
ADM309095,PT26393,2024-02-17,Emergency,"Accident Injury",42,Male,Self-Pay,Elective,1,32657.18,Recovered,False,2
ADM307156,PT24806,2024-02-17,Emergency,"Accident Injury",73,Female,"Government Scheme",Emergency,3,42498.18,Recovered,False,4
ADM307092,PT24783,2024-02-17,Cardiology,"Coronary Artery Disease",72,Male,"Private Insurance",Emergency,8,165404.62,Recovered,False,4
ADM307190,PT25071,2024-02-18,Neurology,Stroke,72,Male,"Private Insurance",Elective,5,78758.01,Recovered,False,1
ADM302345,PT21667,2024-02-18,Cardiology,Hypertension,77,Female,"Government Scheme",Elective,6,83810.17,Recovered,False,4
ADM304131,PT22921,2024-02-18,Gynecology,"Normal Delivery",19,Female,"Government Scheme",Elective,2,44046.72,Recovered,False,4
